id,soil depth,x,y,Fuente,profundidad,values
2,100,-72.25018236,-38.52993579,CIREN,0-5 cm,2.5
3,110,-73.61357217,-43.05810882,CIREN,0-5 cm,2.3190489442626085
5,55,-72.92779275,-41.40870107,CIREN,0-5 cm,2.5
9,110,-70.49254557,-30.21453801,CIREN,0-5 cm,2.5
11,75,-71.55958701,-37.32140125,CIREN,0-5 cm,2.5
13,90,-72.85372633,-38.75430974,CIREN,0-5 cm,2.5
14,150,-72.34361976,-37.04125953,CIREN,0-5 cm,2.5
16,140,-73.48005381,-37.6403617,CIREN,0-5 cm,2.5
17,194,-73.15033359,-40.89952413,CIREN,0-5 cm,2.5
18,62,-71.10365691,-29.93893802,CIREN,0-5 cm,2.5
19,140,-71.77681367,-36.43966806,CIREN,0-5 cm,2.5
20,40,-72.66867232,-38.99493899,CIREN,0-5 cm,2.5
23,100,-73.74758302,-40.60982964,CIREN,0-5 cm,2.5
25,72,-72.3087817,-36.80166133,CIREN,0-5 cm,2.5
27,120,-72.7780099,-36.07813227,CIREN,0-5 cm,2.5
31,52,-71.04671782,-31.79538477,CIREN,0-5 cm,2.5
32,145,-72.56932765,-37.119555,CIREN,0-5 cm,2.5
33,70,-72.30372855,-39.57174323,CIREN,0-5 cm,2.5
34,116,-72.5239116,-37.49304885,CIREN,0-5 cm,2.5
36,22,-71.47223803,-35.2250355,CIREN,0-5 cm,2.5
38,100,-73.57472391,-39.95108189,CIREN,0-5 cm,2.5
40,120,-72.79306731,-36.14330972,CIREN,0-5 cm,2.5
41,120,-72.68493281,-38.49339137,CIREN,0-5 cm,2.5
43,80,-71.81751048,-35.33015406,CIREN,0-5 cm,2.5
44,110,-71.30088232,-34.2412442,CIREN,0-5 cm,2.5
45,46,-70.80480633,-34.24504549,CIREN,0-5 cm,2.5
46,61,-73.70337092,-42.6701328,CIREN,0-5 cm,2.4559644379318373
47,97,-70.96713102,-34.36156575,CIREN,0-5 cm,2.5
48,80,-70.62924987,-31.89242942,CIREN,0-5 cm,2.5
49,93,-72.62896406,-37.42536011,CIREN,0-5 cm,2.5
51,43,-70.66852326,-34.05130164,CIREN,0-5 cm,2.5
52,22,-71.34305429,-33.7548122,CIREN,0-5 cm,25.9
54,32,-71.26313314,-30.0239802,CIREN,0-5 cm,2.5
55,125,-72.45431072,-36.63678676,CIREN,0-5 cm,2.5
56,70,-72.6951066,-38.35393357,CIREN,0-5 cm,2.5
57,105,-72.5231478,-37.56737951,CIREN,0-5 cm,2.5
58,120,-73.67901325,-42.92650527,CIREN,0-5 cm,2.5
60,102,-71.08554048,-33.46097471,CIREN,0-5 cm,2.5
62,114,-70.66274515,-33.88263491,CIREN,0-5 cm,2.5
64,57,-71.00711776,-33.70499012,CIREN,0-5 cm,2.5
65,80,-72.80273466,-40.35160362,CIREN,0-5 cm,2.5
66,55,-71.62194255,-35.9447662,CIREN,0-5 cm,2.5
69,95,-72.85076127,-38.62270199,CIREN,0-5 cm,2.5
70,90,-71.2037072,-33.72942791,CIREN,0-5 cm,2.5
75,160,-72.57377605,-37.47245873,CIREN,0-5 cm,2.5
76,120,-71.23870755,-29.92877384,CIREN,0-5 cm,2.5
77,55,-73.71098565,-42.30054301,CIREN,0-5 cm,2.5
79,102,-71.86694072,-35.73096903,CIREN,0-5 cm,2.5
82,140,-72.1081172,-36.7887521,CIREN,0-5 cm,2.5
85,120,-73.26666548,-37.25275453,CIREN,0-5 cm,2.5
89,100,-72.06041617,-38.9285299,CIREN,0-5 cm,2.5
90,112,-72.53061634,-37.49544307,CIREN,0-5 cm,2.5
92,110,-72.9644769,-37.82363806,CIREN,0-5 cm,2.5
94,130,-72.24699295,-36.49204391,CIREN,0-5 cm,2.5
95,55,-70.985489,-31.78165262,CIREN,0-5 cm,2.5
97,65,-73.55048343,-41.00433857,CIREN,0-5 cm,2.5
99,115,-73.6990148,-41.90862962,CIREN,0-5 cm,2.5
100,108,-72.19388675,-37.10810197,CIREN,0-5 cm,2.5
101,170,-72.3252344,-36.84393826,CIREN,0-5 cm,2.5
103,90,-72.49679156,-37.50914447,CIREN,0-5 cm,2.5
106,22,-70.52628489,-29.90872361,CIREN,0-5 cm,39
107,150,-72.48689735,-37.92029767,CIREN,0-5 cm,2.5
108,55,-70.70768854,-31.88039492,CIREN,0-5 cm,2.5
109,110,-72.64551053,-41.42352499,CIREN,0-5 cm,2.5
110,140,-72.81492506,-37.09098692,CIREN,0-5 cm,2.5
111,115,-72.55955021,-36.25919757,CIREN,0-5 cm,2.5
112,70,-73.53773761,-37.32149028,CIREN,0-5 cm,2.5
115,120,-70.84505936,-33.71277502,CIREN,0-5 cm,2.5
118,120,-72.74581314,-40.43428433,CIREN,0-5 cm,2.5
119,118,-71.38793896,-33.28782342,CIREN,0-5 cm,2.5
120,86,-72.10023293,-39.8451942,CIREN,0-5 cm,2.5
121,130,-72.81527022,-39.92483726,CIREN,0-5 cm,2.5
123,120,-71.77941331,-38.46436865,CIREN,0-5 cm,2.5
124,125,-71.81943449,-36.63062249,CIREN,0-5 cm,2.5
127,120,-73.3252353,-40.60087948,CIREN,0-5 cm,2.5
129,130,-71.2457258,-35.25739778,CIREN,0-5 cm,2.5
130,64,-71.77966283,-35.34905764,CIREN,0-5 cm,2.5
131,95,-72.69185273,-40.3575518,CIREN,0-5 cm,2.5
134,43,-71.77222129,-36.52989584,CIREN,0-5 cm,2.5
135,113,-73.61191255,-42.33720749,CIREN,0-5 cm,2.5
136,80,-71.69721623,-35.45007581,CIREN,0-5 cm,2.5
137,90,-72.16519806,-36.53112663,CIREN,0-5 cm,2.5
138,110,-71.5666817,-36.05231629,CIREN,0-5 cm,2.5
140,85,-72.42061899,-37.53679327,CIREN,0-5 cm,2.5
142,85,-72.86391907,-37.80428466,CIREN,0-5 cm,2.5
145,100,-72.40011493,-38.05852516,CIREN,0-5 cm,2.5
147,80,-71.01548493,-31.80147537,CIREN,0-5 cm,2.5
149,80,-72.62412548,-39.04953167,CIREN,0-5 cm,2.5
150,57,-73.06148219,-41.13631084,CIREN,0-5 cm,2.5
151,90,-71.96361717,-36.60008585,CIREN,0-5 cm,2.5
152,150,-72.54194804,-37.73537528,CIREN,0-5 cm,2.5
154,65,-70.71220739,-34.06873544,CIREN,0-5 cm,2.5
157,120,-72.94853094,-38.97946796,CIREN,0-5 cm,2.5
158,70,-70.71112414,-34.06875053,CIREN,0-5 cm,2.5
162,106,-72.88431803,-38.69269482,CIREN,0-5 cm,2.5
163,41,-71.25947272,-33.72926726,CIREN,0-5 cm,2.5
164,102,-70.81666786,-33.12883154,CIREN,0-5 cm,2.5
166,108,-71.21532065,-34.01763188,CIREN,0-5 cm,2.5
168,90,-73.40365986,-39.9326311,CIREN,0-5 cm,2.5
170,80,-71.3342922,-35.39454349,CIREN,0-5 cm,2.5
171,150,-72.94172765,-40.46586407,CIREN,0-5 cm,2.5
174,120,-72.36184887,-39.60460936,CIREN,0-5 cm,2.5
176,110,-73.31420668,-40.73358354,CIREN,0-5 cm,2.5
177,120,-73.58321145,-40.919615,CIREN,0-5 cm,2.5
178,125,-71.87630018,-36.324661,CIREN,0-5 cm,2.5
179,70,-70.70841403,-33.86848367,CIREN,0-5 cm,2.5
181,77,-71.12132587,-31.60764084,CIREN,0-5 cm,2.5
182,123,-71.52799922,-31.61917498,CIREN,0-5 cm,2.5
183,70,-72.68572105,-39.91511837,CIREN,0-5 cm,2.5
187,85,-73.80798481,-42.78383611,CIREN,0-5 cm,2.5
188,70,-71.10491905,-31.59979473,CIREN,0-5 cm,2.5
189,100,-72.7979509,-40.26323136,CIREN,0-5 cm,2.5
192,150,-72.71610449,-36.28337855,CIREN,0-5 cm,2.5
195,35,-72.604091,-44.85828232,CIREN,0-5 cm,2.5
196,57,-71.28086888,-33.83704457,CIREN,0-5 cm,2.5
197,120,-72.72740568,-37.40251869,CIREN,0-5 cm,2.5
198,90,-71.90416387,-37.12727376,CIREN,0-5 cm,2.5
201,120,-73.02310063,-38.07426331,CIREN,0-5 cm,2.5
204,120,-71.35944564,-33.68327947,CIREN,0-5 cm,2.5
205,120,-71.7996049,-35.3531037,CIREN,0-5 cm,2.5
206,120,-71.51594427,-33.96372998,CIREN,0-5 cm,2.5
210,150,-72.40048595,-36.6410312,CIREN,0-5 cm,2.5
214,110,-71.59186588,-35.39379577,CIREN,0-5 cm,2.5
215,90,-72.27452425,-39.57466949,CIREN,0-5 cm,2.5
216,120,-73.43547438,-41.68963222,CIREN,0-5 cm,2.5
217,110,-72.95075641,-39.57865869,CIREN,0-5 cm,2.5
220,150,-73.05921313,-38.04467344,CIREN,0-5 cm,2.5
221,107,-70.83567665,-33.32064026,CIREN,0-5 cm,2.5
223,18,-71.50087838,-35.61925878,CIREN,0-5 cm,30.4
225,90,-71.98481967,-39.36515528,CIREN,0-5 cm,2.5
226,80,-71.65078233,-35.81254132,CIREN,0-5 cm,2.5
227,82,-72.61813739,-39.38132498,CIREN,0-5 cm,2.5
228,100,-72.44872433,-37.64148304,CIREN,0-5 cm,2.5
229,16,-70.91952076,-33.64040225,CIREN,0-5 cm,30.2
230,150,-72.09944288,-38.57044183,CIREN,0-5 cm,2.5
232,40,-73.45132327,-39.97292421,CIREN,0-5 cm,2.5
233,130,-71.77402496,-35.28068512,CIREN,0-5 cm,2.5
238,120,-73.44245009,-37.32351936,CIREN,0-5 cm,2.5
239,130,-72.30299667,-39.85999427,CIREN,0-5 cm,2.5
241,100,-73.18612202,-37.18828488,CIREN,0-5 cm,2.3507893235903152
243,100,-72.72416744,-41.2440759,CIREN,0-5 cm,2.5
244,41,-71.2985001,-34.35308499,CIREN,0-5 cm,2.5
246,118,-71.3875378,-33.35185032,CIREN,0-5 cm,2.5
247,96,-71.25235964,-34.33500972,CIREN,0-5 cm,2.5
248,59,-71.15395981,-34.48193853,CIREN,0-5 cm,2.5
249,56,-72.30037308,-38.59868091,CIREN,0-5 cm,2.5
251,50,-71.28217631,-30.10844788,CIREN,0-5 cm,2.5
254,110,-73.05086743,-40.26010746,CIREN,0-5 cm,2.5
256,110,-72.5240373,-37.48899095,CIREN,0-5 cm,2.5
258,78,-71.28413695,-33.50616427,CIREN,0-5 cm,2.5
260,150,-72.56692704,-39.35143644,CIREN,0-5 cm,2.5
261,120,-70.70322281,-33.63365222,CIREN,0-5 cm,2.5
264,90,-73.7994099,-42.05202408,CIREN,0-5 cm,2.5
266,100,-72.60732486,-42.40483746,CIREN,0-5 cm,2.5
268,120,-71.60637995,-36.51290953,CIREN,0-5 cm,2.5
270,100,-71.81517439,-35.61051775,CIREN,0-5 cm,2.5
271,140,-73.43318759,-37.28013959,CIREN,0-5 cm,2.5
272,120,-72.61010278,-38.77931309,CIREN,0-5 cm,2.5
274,140,-72.69905822,-38.15622525,CIREN,0-5 cm,2.5
275,58,-71.45957747,-31.62231559,CIREN,0-5 cm,2.5
280,80,-71.20096976,-34.53068732,CIREN,0-5 cm,2.5
281,112,-73.44785946,-41.67449407,CIREN,0-5 cm,2.5
284,70,-71.4438516,-31.58519029,CIREN,0-5 cm,2.5
285,100,-71.73751278,-35.24095633,CIREN,0-5 cm,2.5
286,90,-73.70702893,-42.34597449,CIREN,0-5 cm,2.5
287,120,-72.06084523,-39.33885637,CIREN,0-5 cm,2.5
289,82,-70.80133518,-33.42748408,CIREN,0-5 cm,2.5
290,95,-71.85647305,-38.87604473,CIREN,0-5 cm,2.5
291,35,-71.56805548,-37.30499689,CIREN,0-5 cm,2.5
292,75,-71.65094453,-35.91708969,CIREN,0-5 cm,2.5
293,100,-73.38366684,-37.25405693,CIREN,0-5 cm,2.5
294,80,-70.97174415,-34.41919644,CIREN,0-5 cm,2.5
297,120,-72.91338174,-40.35275246,CIREN,0-5 cm,2.5
298,120,-71.96073617,-36.81643138,CIREN,0-5 cm,2.5
299,140,-71.80375802,-36.64541168,CIREN,0-5 cm,2.5
300,150,-73.21229202,-41.32970875,CIREN,0-5 cm,2.5
301,120,-72.51929855,-37.63218008,CIREN,0-5 cm,2.5
302,120,-72.48994988,-38.59479625,CIREN,0-5 cm,2.5
303,110,-72.61098144,-37.54665932,CIREN,0-5 cm,2.5
304,105,-72.35160779,-36.36958478,CIREN,0-5 cm,2.5
305,95,-72.35371461,-36.37323803,CIREN,0-5 cm,2.5
307,55,-72.75031032,-38.7496618,CIREN,0-5 cm,2.5
311,120,-72.96352448,-40.42750987,CIREN,0-5 cm,2.5
313,75,-72.60732486,-42.40483746,CIREN,0-5 cm,2.5
314,120,-71.05515898,-33.58474028,CIREN,0-5 cm,2.5
315,65,-72.83918425,-40.09420196,CIREN,0-5 cm,2.5
316,100,-72.50009664,-37.25689153,CIREN,0-5 cm,2.5
317,95,-71.74230593,-35.80327649,CIREN,0-5 cm,2.5
318,85,-71.34720801,-35.38437731,CIREN,0-5 cm,2.5
322,60,-71.22728938,-34.37333532,CIREN,0-5 cm,2.5
323,125,-71.38450127,-33.90639154,CIREN,0-5 cm,2.5
324,39,-71.11898352,-29.94852593,CIREN,0-5 cm,18.4
325,80,-72.02634517,-39.30552758,CIREN,0-5 cm,2.5
327,120,-73.42756013,-37.92536728,CIREN,0-5 cm,2.5
328,50,-71.97753062,-37.33324107,CIREN,0-5 cm,2.5
329,136,-72.25451283,-38.65707278,CIREN,0-5 cm,2.5
330,100,-71.48915555,-35.31122478,CIREN,0-5 cm,2.5
331,50,-71.80766075,-36.27402341,CIREN,0-5 cm,2.5
332,210,-72.40424424,-40.71670186,CIREN,0-5 cm,2.5
333,90,-72.27176204,-39.61513769,CIREN,0-5 cm,2.5
334,66,-73.92297368,-42.56749669,CIREN,0-5 cm,2.5
335,70,-70.5222319,-30.01659596,CIREN,0-5 cm,2.5
336,46,-72.60904123,-39.01714939,CIREN,0-5 cm,2.5
337,88,-71.38487797,-33.91990836,CIREN,0-5 cm,2.5
338,104,-72.38167247,-37.45303706,CIREN,0-5 cm,2.5
341,120,-70.84456437,-33.1302252,CIREN,0-5 cm,2.5
342,73,-71.28465132,-34.44350156,CIREN,0-5 cm,2.5
343,100,-70.73044844,-34.32546734,CIREN,0-5 cm,2.5
344,115,-71.18678799,-33.48718241,CIREN,0-5 cm,2.5
345,118,-73.01783814,-41.47693188,CIREN,0-5 cm,2.5
346,130,-72.59706123,-40.63845675,CIREN,0-5 cm,2.5
347,110,-70.85369481,-33.86322753,CIREN,0-5 cm,2.5
348,115,-72.45821871,-36.19588279,CIREN,0-5 cm,2.5
349,110,-73.5317976,-40.69376764,CIREN,0-5 cm,2.5
350,100,-71.25811723,-33.87000395,CIREN,0-5 cm,2.5
352,60,-72.45232722,-38.45703105,CIREN,0-5 cm,2.5
354,120,-73.30630478,-38.78877722,CIREN,0-5 cm,2.5
355,160,-73.0867416,-39.67197056,CIREN,0-5 cm,2.5
357,112,-71.76862116,-35.89190005,CIREN,0-5 cm,2.5
358,80,-72.57585453,-42.36996001,CIREN,0-5 cm,2.5
359,100,-71.19562229,-31.6478738,CIREN,0-5 cm,2.5
360,150,-73.1920735,-39.11640142,CIREN,0-5 cm,2.5
361,46,-72.14505439,-36.88011427,CIREN,0-5 cm,2.5
362,70,-70.48107196,-30.10729583,CIREN,0-5 cm,2.5
364,110,-70.88250415,-33.40019875,CIREN,0-5 cm,2.5
365,70,-71.25519582,-31.73522187,CIREN,0-5 cm,2.5
367,76,-71.3391856,-34.33067636,CIREN,0-5 cm,2.5
369,120,-73.51901033,-40.57604938,CIREN,0-5 cm,2.5
372,55,-71.32151239,-33.81653085,CIREN,0-5 cm,2.5
373,100,-73.39010134,-38.77419766,CIREN,0-5 cm,2.5
376,120,-73.06616466,-38.7282863,CIREN,0-5 cm,2.5
377,60,-71.62135158,-35.79245669,CIREN,0-5 cm,2.5
378,110,-70.98303871,-30.01496878,CIREN,0-5 cm,2.5
379,104,-72.662115,-41.04287738,CIREN,0-5 cm,2.5
380,115,-72.56574936,-37.70163012,CIREN,0-5 cm,2.5
383,53,-71.07528112,-29.98909744,CIREN,0-5 cm,2.5
384,120,-72.02154199,-38.99080318,CIREN,0-5 cm,2.5
385,55,-71.23546365,-30.10744731,CIREN,0-5 cm,2.5
386,100,-71.01537702,-31.78677512,CIREN,0-5 cm,2.5
387,80,-71.73620381,-35.39782138,CIREN,0-5 cm,2.5
388,120,-72.42342361,-36.69110141,CIREN,0-5 cm,2.5
390,87,-71.28285858,-34.06793261,CIREN,0-5 cm,2.5
391,100,-72.40426454,-36.77810494,CIREN,0-5 cm,2.5
392,70,-70.69668594,-33.07641198,CIREN,0-5 cm,2.5
393,80,-71.41891698,-32.12451636,CIREN,0-5 cm,2.5
397,92,-72.2620899,-38.63923154,CIREN,0-5 cm,2.5
399,120,-72.07596024,-36.43975453,CIREN,0-5 cm,2.5
400,120,-73.23071426,-38.6326702,CIREN,0-5 cm,2.5
402,120,-73.21229202,-41.32970875,CIREN,0-5 cm,2.5
403,110,-72.46534815,-37.58597579,CIREN,0-5 cm,2.5
404,90,-71.44879746,-35.79339302,CIREN,0-5 cm,2.5
405,110,-72.59836502,-40.2876315,CIREN,0-5 cm,2.5
406,90,-72.51625491,-37.65554145,CIREN,0-5 cm,2.5
407,130,-73.5432926,-40.92587123,CIREN,0-5 cm,2.5
408,120,-73.03298577,-38.02441915,CIREN,0-5 cm,2.5
409,80,-72.93522489,-40.29278791,CIREN,0-5 cm,2.5
410,105,-70.82973323,-33.49838176,CIREN,0-5 cm,2.5
412,90,-70.75252318,-34.13218908,CIREN,0-5 cm,2.5
413,120,-71.77894425,-35.45633277,CIREN,0-5 cm,2.5
414,100,-71.85117182,-38.43876729,CIREN,0-5 cm,2.5
416,120,-72.3764375,-40.35352116,CIREN,0-5 cm,2.5
417,120,-70.78958051,-33.06158529,CIREN,0-5 cm,2.5
418,27,-72.89493984,-40.75462468,CIREN,0-5 cm,29.6
419,90,-72.95163704,-39.56876669,CIREN,0-5 cm,2.5
420,26,-71.2435823,-30.00284492,CIREN,0-5 cm,21.7
421,145,-71.69725818,-36.45816616,CIREN,0-5 cm,2.5
422,100,-72.84863849,-38.05633419,CIREN,0-5 cm,2.5
423,90,-71.29048212,-33.62461713,CIREN,0-5 cm,2.5
425,100,-72.58299976,-37.46678259,CIREN,0-5 cm,2.5
427,32,-72.18586756,-36.5153921,CIREN,0-5 cm,2.5
428,20,-71.74254054,-35.61670072,CIREN,0-5 cm,16.2
431,54,-72.65961621,-39.75378898,CIREN,0-5 cm,2.5
432,103,-72.10962906,-38.65989198,CIREN,0-5 cm,2.5
433,90,-71.45108164,-35.28856596,CIREN,0-5 cm,2.5
434,90,-70.88948583,-30.40401591,CIREN,0-5 cm,2.5
435,94,-72.13497419,-38.47041318,CIREN,0-5 cm,2.5
436,90,-71.00305357,-31.78823239,CIREN,0-5 cm,2.5
437,120,-71.35522176,-33.9033487,CIREN,0-5 cm,2.5
438,120,-72.78038106,-38.20284273,CIREN,0-5 cm,2.5
442,70,-70.75606843,-33.52830549,CIREN,0-5 cm,2.5
443,57,-71.10623843,-34.0232731,CIREN,0-5 cm,2.5
444,250,-72.83227221,-37.77982684,CIREN,0-5 cm,2.5
446,90,-72.35951685,-37.08540978,CIREN,0-5 cm,2.5
447,90,-71.04075133,-34.48298063,CIREN,0-5 cm,2.5
450,100,-71.56153732,-35.37461255,CIREN,0-5 cm,2.5
451,50,-72.84131976,-37.16014928,CIREN,0-5 cm,2.5
452,85,-70.81246292,-33.34082102,CIREN,0-5 cm,2.5
455,64,-72.81027137,-38.76432051,CIREN,0-5 cm,2.5
456,45,-73.90044502,-42.70551655,CIREN,0-5 cm,2.5
458,150,-72.57366417,-36.33879589,CIREN,0-5 cm,2.5
459,120,-72.70199965,-36.04208877,CIREN,0-5 cm,2.5
460,58,-71.05809682,-31.78942879,CIREN,0-5 cm,2.5
461,138,-72.50696803,-37.5264825,CIREN,0-5 cm,2.5
462,120,-70.66411046,-31.89666824,CIREN,0-5 cm,2.5
463,120,-73.13164587,-39.14923818,CIREN,0-5 cm,2.5
464,150,-72.95529816,-36.57434108,CIREN,0-5 cm,2.5
466,150,-72.58756035,-37.09468753,CIREN,0-5 cm,2.5
468,90,-71.372951,-33.70375839,CIREN,0-5 cm,2.5
469,120,-71.95958369,-36.40643587,CIREN,0-5 cm,2.5
470,70,-72.04915903,-36.55805088,CIREN,0-5 cm,2.5
473,72,-70.79219434,-34.11087699,CIREN,0-5 cm,2.5
474,140,-72.1612373,-36.33366984,CIREN,0-5 cm,2.5
475,120,-71.39858855,-33.98455711,CIREN,0-5 cm,2.5
476,100,-72.82179814,-38.01979204,CIREN,0-5 cm,2.5
477,116,-71.89316034,-37.28127078,CIREN,0-5 cm,2.5
478,110,-71.87978642,-36.59988981,CIREN,0-5 cm,2.5
479,110,-71.80143005,-35.34224538,CIREN,0-5 cm,2.5
480,100,-71.3522359,-31.62884851,CIREN,0-5 cm,2.5
481,200,-73.14994668,-39.7495806,CIREN,0-5 cm,2.5
484,80,-73.03569957,-39.70400108,CIREN,0-5 cm,2.5
485,91,-70.69985299,-33.84560716,CIREN,0-5 cm,2.5
486,24,-71.84323544,-35.71711149,CIREN,0-5 cm,2.5
488,55,-72.31489251,-38.20753099,CIREN,0-5 cm,2.5
489,67,-70.70066238,-30.02253102,CIREN,0-5 cm,2.5
490,50,-71.76476461,-36.00374688,CIREN,0-5 cm,2.5
491,100,-72.24372427,-39.30818982,CIREN,0-5 cm,2.5
492,120,-71.3365836,-33.9731283,CIREN,0-5 cm,2.5
494,66,-72.33624165,-38.68419861,CIREN,0-5 cm,2.5
496,120,-71.10636368,-33.80867287,CIREN,0-5 cm,2.5
498,70,-71.23733532,-30.07539074,CIREN,0-5 cm,2.5
500,125,-71.97399254,-37.09995003,CIREN,0-5 cm,2.5
501,51,-70.9839199,-34.47399892,CIREN,0-5 cm,2.5
503,130,-71.97702191,-45.55663466,CIREN,0-5 cm,2.5
504,90,-71.71092801,-46.54208229,CIREN,0-5 cm,2.5
505,108,-71.69060128,-46.53986255,CIREN,0-5 cm,2.5
506,120,-71.99720798,-45.68302328,CIREN,0-5 cm,2.5
507,105,-71.70411438,-45.93723751,CIREN,0-5 cm,2.5
508,110,-71.93054899,-45.81292892,CIREN,0-5 cm,2.5
509,82,-71.18013099,-28.46354955,CIREN,0-5 cm,2.5
510,65,-71.09941136,-28.50722947,CIREN,0-5 cm,2.5
511,80,-72.64702168,-47.32350256,CIREN,0-5 cm,2.5
512,103,-72.39495855,-43.96559031,CIREN,0-5 cm,2.5
513,67,-72.61853116,-46.55437012,CIREN,0-5 cm,2.5
514,78,-72.06719826,-47.11078642,CIREN,0-5 cm,2.5
561,34,-72.30088747,-36.75507138,CIREN,0-5 cm,2.5
562,150,-73.37410513,-37.91418464,CIREN,0-5 cm,2.5
564,115,-71.64088916,-35.8812591,CIREN,0-5 cm,2.5
571,120,-70.73172407,-34.12256534,CIREN,0-5 cm,2.5
579,65,-71.68296667,-35.45219626,CIREN,0-5 cm,2.5
583,100,-71.76397944,-35.40530061,CIREN,0-5 cm,2.5
585,70,-71.15253172,-32.85431713,CIREN,0-5 cm,2.5
586,120,-71.49950892,-33.2510051,CIREN,0-5 cm,2.5
587,110,-71.33367385,-33.33439021,CIREN,0-5 cm,2.5
588,125,-71.4508471,-33.25693337,CIREN,0-5 cm,2.5
589,100,-71.31100844,-33.31813281,CIREN,0-5 cm,2.5
591,60,-70.88971072,-32.41420629,CIREN,0-5 cm,2.5
595,10,-71.25071,-30.20157,CHLSOC,0-5 cm,41
596,10,-73.38968,-38.77412,CHLSOC,0-5 cm,67
597,10,-72.1112,-39.85941,CHLSOC,0-5 cm,31
598,10,-73.41283,-39.93245,CHLSOC,0-5 cm,57
599,10,-73.15404,-40.9034,CHLSOC,0-5 cm,45
600,10,-73.82429,-42.42186,CHLSOC,0-5 cm,62
601,10,-73.61712,-43.05791,CHLSOC,0-5 cm,60
602,10,-72.39653,-43.96393,CHLSOC,0-5 cm,64
603,10,-72.81482,-45.48736,CHLSOC,0-5 cm,56
604,10,-72.90757,-45.78639,CHLSOC,0-5 cm,52
605,10,-72.61276,-46.56823,CHLSOC,0-5 cm,45
606,10,-71.50008,-31.81284,CHLSOC,0-5 cm,15
607,10,-72.16487999,-51.80696,CHLSOC,0-5 cm,45
608,10,-70.9886,-53.43267,CHLSOC,0-5 cm,39
609,10,-70.36106001,-53.31478,CHLSOC,0-5 cm,51
610,10,-70.52162,-32.87609,CHLSOC,0-5 cm,57
611,10,-71.14047,-33.99911,CHLSOC,0-5 cm,36
612,10,-70.83241999,-33.4778,CHLSOC,0-5 cm,52
613,10,-71.61243,-33.33901,CHLSOC,0-5 cm,45
614,10,-71.87564,-33.96865,CHLSOC,0-5 cm,65
615,10,-71.69721,-36.45816,CHLSOC,0-5 cm,66
616,10,-73.26686,-37.25344,CHLSOC,0-5 cm,68
2091,74,-72.94555953,-47.48234204,CHLSOC,0-5 cm,2.5
2092,8,-72.59043587,-47.2896276,CHLSOC,0-5 cm,22.6
2099,120,-71.7001371,-46.54507242,CHLSOC,0-5 cm,2.5
2101,69,-71.8672515,-46.51644819,CHLSOC,0-5 cm,2.5
2102,65,-72.53019162,-46.75176027,CHLSOC,0-5 cm,2.5
2107,80,-72.71684099,-46.53849301,CHLSOC,0-5 cm,2.5
2108,168,-72.56091111,-46.12423387,CHLSOC,0-5 cm,2.5
2109,90,-72.0735922,-46.10764901,CHLSOC,0-5 cm,2.5
2110,97,-71.9530782,-46.23658086,CHLSOC,0-5 cm,2.5
2111,122,-71.94350943,-46.28714194,CHLSOC,0-5 cm,2.5
2112,100,-72.09926057,-46.2222507,CHLSOC,0-5 cm,2.5
2113,100,-71.83604749,-45.90280182,CHLSOC,0-5 cm,2.5
2115,106,-71.78873351,-45.78201941,CHLSOC,0-5 cm,2.5
2116,178,-72.06091754,-45.75910861,CHLSOC,0-5 cm,2.5
2117,124,-72.06522654,-45.84895919,CHLSOC,0-5 cm,2.5
2118,80,-72.11269808,-45.75145597,CHLSOC,0-5 cm,2.5
2119,80,-72.19405994,-45.69169256,CHLSOC,0-5 cm,2.5
2120,94,-72.19467987,-45.59553961,CHLSOC,0-5 cm,2.5
2121,118,-72.01347312,-45.57205753,CHLSOC,0-5 cm,2.5
2122,155,-72.00266047,-45.44787081,CHLSOC,0-5 cm,2.5
2124,88,-72.60571986,-45.35511452,CHLSOC,0-5 cm,2.5
2126,130,-72.27508941,-45.86483568,CHLSOC,0-5 cm,2.5
2127,116,-71.52774381,-45.37193228,CHLSOC,0-5 cm,2.5
2128,80,-71.87770767,-45.13722744,CHLSOC,0-5 cm,2.5
2129,39,-71.86727854,-44.68611968,CHLSOC,0-5 cm,2.5
2130,76,-71.50750907,-44.58309702,CHLSOC,0-5 cm,2.5
2131,128,-72.61459953,-44.75686683,CHLSOC,0-5 cm,2.5
2133,62,-72.43321968,-44.0476353,CHLSOC,0-5 cm,2.5
2134,110,-72.9556333,-43.76477928,CHLSOC,0-5 cm,0
2135,130,-72.36576661,-43.84824399,CHLSOC,0-5 cm,2.5
2136,117,-72.31638957,-43.98892261,CHLSOC,0-5 cm,2.5
13238,110,-72.49579,-36.026772,UChile,0-5 cm,2.5
13239,130,-72.495196000000007,-36.032014,UChile,0-5 cm,2.5
13240,148,-72.481449,-35.992856,UChile,0-5 cm,2.5
13241,168,-72.474423,-35.994734,UChile,0-5 cm,2.5
13242,150,-72.3938838,-35.79776622,UChile,0-5 cm,2.5
13243,140,-72.39300105,-35.79831744,UChile,0-5 cm,2.5
13244,140,-72.39346647,-35.79806759,UChile,0-5 cm,2.5
13245,131,-72.40441293,-35.82138872,UChile,0-5 cm,2.5
13246,110,-72.49881603,-36.26106655,UChile,0-5 cm,2.5
13247,120,-72.175265,-35.952881,UChile,0-5 cm,2.5
13248,70,-72.471386,-36.045788,UChile,0-5 cm,2.5
13249,200,-72.29129628,-35.95282623,UChile,0-5 cm,2.5
13250,170,-72.243081,-35.920117,UChile,0-5 cm,2.5
13251,95,-72.470755,-36.121106,UChile,0-5 cm,2.5
13252,75,-72.30679501,-36.185302,UChile,0-5 cm,2.5
13253,120,-72.13007499,-35.95471,UChile,0-5 cm,2.5
13254,135,-72.424173,-36.067436,UChile,0-5 cm,2.5
13255,130,-72.431076,-36.066443,UChile,0-5 cm,2.5
13256,145,-72.12433285,-35.93484732,UChile,0-5 cm,2.5
13257,70,-72.12433285,-35.93484732,UChile,0-5 cm,2.5
13258,90,-72.213809,-35.972789,UChile,0-5 cm,2.5
13259,110,-72.24570739,-35.91953237,UChile,0-5 cm,2.5
13260,160,-72.401239,-35.81305,UChile,0-5 cm,2.5
13261,92,-72.400305,-35.813584,UChile,0-5 cm,2.5
13262,120,-72.40078899,-35.81332,UChile,0-5 cm,2.5
13263,60,-72.313613,-36.176964,UChile,0-5 cm,2.5
13264,170,-72.306346,-35.816421,UChile,0-5 cm,2.5
13265,140,-72.211826,-36.073752,UChile,0-5 cm,2.5
13266,85,-72.123489,-35.934552,UChile,0-5 cm,2.5
13267,135,-72.12460408,-35.9347255,UChile,0-5 cm,2.5
13268,120,-72.363729,-35.800731,UChile,0-5 cm,2.5
13269,133,-72.443335,-36.081495,UChile,0-5 cm,2.5
13270,90,-72.473289,-36.044112,UChile,0-5 cm,2.5
13271,180,-72.30187099,-36.047945,UChile,0-5 cm,2.5
13272,120,-72.24315828,-35.92113328,UChile,0-5 cm,2.5
13273,140,-72.479031,-35.998705,UChile,0-5 cm,2.5
13275,140,-72.469134,-36.042399,UChile,0-5 cm,2.5
13276,140,-72.209949,-35.975233,UChile,0-5 cm,2.5
13277,140,-72.387266,-36.06279,UChile,0-5 cm,2.5
13278,160,-72.326262,-36.037158,UChile,0-5 cm,2.5
13279,160,-72.301269,-36.043468,UChile,0-5 cm,2.5
13280,140,-72.402329,-36.069499,UChile,0-5 cm,2.5
13281,92,-72.38347148,-36.08379021,UChile,0-5 cm,2.5
13282,90,-71.00292766,-31.78817214,UChile,0-5 cm,2.5
13283,83,-71.01473349,-31.80689993,UChile,0-5 cm,2.5
13284,100,-70.91364173,-31.82603371,UChile,0-5 cm,2.5
13285,65,-70.86996636,-31.8383171,UChile,0-5 cm,2.5
13286,80,-70.87646639,-31.85406658,UChile,0-5 cm,2.5
13287,60,-71.04051089,-31.75142204,UChile,0-5 cm,2.5
13288,90,-71.05753331,-31.78529975,UChile,0-5 cm,2.5
13289,86,-70.900669,-31.82296392,UChile,0-5 cm,2.5
13290,70,-71.1364336,-31.7384108,UChile,0-5 cm,2.5
13291,75,-70.8707473,-31.83706629,UChile,0-5 cm,2.5
13292,98,-71.10792482,-31.60134973,UChile,0-5 cm,2.5
13293,60,-71.22630043,-31.66374995,UChile,0-5 cm,2.5
13294,80,-71.1849162,-31.63411638,UChile,0-5 cm,2.5
13295,70,-70.82984421,-31.89256129,UChile,0-5 cm,2.5
13296,75,-70.8422333,-31.8965666,UChile,0-5 cm,2.5
13297,85,-70.93118344,-31.80834961,UChile,0-5 cm,2.5
13298,68,-70.84429988,-31.85278374,UChile,0-5 cm,2.5
13299,30,-70.83701663,-31.85816675,UChile,0-5 cm,25.35
13300,100,-70.73803365,-31.88199959,UChile,0-5 cm,2.5
13301,70,-70.63668013,-31.90006075,UChile,0-5 cm,2.5
13302,100,-70.87831017,-33.74128284,UChile,0-5 cm,2.5
13303,40,-70.88136292,-33.74267913,UChile,0-5 cm,2.5
13304,20,-70.88198297,-33.74388703,UChile,0-5 cm,22.6
13305,100,-70.61602978,-33.71446973,UChile,0-5 cm,2.5
13306,100,-70.61658914,-33.71552653,UChile,0-5 cm,2.5
13307,100,-70.6167479,-33.71478498,UChile,0-5 cm,2.5
13308,108,-70.6164175,-33.71097471,UChile,0-5 cm,2.5
13309,110,-70.61734922,-33.70944749,UChile,0-5 cm,2.5
13310,110,-70.61583254,-33.70970181,UChile,0-5 cm,2.5
13311,110,-70.60824039,-33.71166764,UChile,0-5 cm,2.5
13312,107,-70.60767238,-33.71071913,UChile,0-5 cm,2.5
13313,117,-70.60908831,-33.71026782,UChile,0-5 cm,2.5
13314,20,-71.24598787,-34.60985369,UChile,0-5 cm,20.6
13316,50,-71.22318211,-34.61947651,UChile,0-5 cm,2.5
13317,50,-71.22107635,-34.61984846,UChile,0-5 cm,2.5
13320,50,-70.97527535,-34.60779414,UChile,0-5 cm,2.5
13321,60,-71.41666425,-30.77944442,UChile,0-5 cm,2.5
13322,60,-71.16666698,-32.86666656,UChile,0-5 cm,2.5
13323,70,-70.99999958,-33.73333308,UChile,0-5 cm,2.5
13324,90,-71.25585597,-30.58158584,UChile,0-5 cm,2.5
13325,60,-71.39601977,-30.69369679,UChile,0-5 cm,2.5
13326,90,-71.16805592,-34.38000019,UChile,0-5 cm,2.5
13327,60,-70.74972262,-32.72333291,UChile,0-5 cm,2.5
13329,40,-71.71083318,-34.1283331,UChile,0-5 cm,2.5
13330,100,-70.69361102,-30.03583377,UChile,0-5 cm,2.5
13331,40,-71.13333313,-30.65000014,UChile,0-5 cm,2.5
13332,30,-71.39302255,-30.67992462,UChile,0-5 cm,2.5
13333,15,-71.2195621,-34.35080976,UChile,0-5 cm,39.5
13334,40,-71.21956199,-34.35080968,UChile,0-5 cm,43.8
13335,75,-71.21956188,-34.35080959,UChile,0-5 cm,55.4
13336,45,-71.31264087,-34.41033856,UChile,0-5 cm,17
13337,85,-71.31264076,-34.41033847,UChile,0-5 cm,16.8
13338,100,-71.31264065,-34.41033838,UChile,0-5 cm,17.2
13339,50,-71.15179946,-34.39732573,UChile,0-5 cm,40.3
13340,95,-71.15179935,-34.39732564,UChile,0-5 cm,47.1
13341,30,-71.19050401,-34.39502474,UChile,0-5 cm,50.1
13342,55,-71.1905039,-34.39502465,UChile,0-5 cm,48.5
13343,85,-71.19050379,-34.39502456,UChile,0-5 cm,51
13344,30,-71.16746085,-34.3799909,UChile,0-5 cm,40.5
13345,60,-71.16746074,-34.37999082,UChile,0-5 cm,38.4
13346,90,-71.16746063,-34.37999073,UChile,0-5 cm,37.3
13347,40,-71.18249747,-34.39538427,UChile,0-5 cm,34.7
13348,100,-71.18249736,-34.39538418,UChile,0-5 cm,36.6
13349,50,-71.23839657,-34.36822796,UChile,0-5 cm,38.7
13350,65,-71.23839646,-34.36822787,UChile,0-5 cm,43.3
13351,95,-71.23839635,-34.36822778,UChile,0-5 cm,43.2
13352,105,-71.26389163,-34.33145848,UChile,0-5 cm,2.5
13353,90,-71.17582415,-34.40628004,UChile,0-5 cm,2.5
13354,100,-71.03976002,-34.46015024,UChile,0-5 cm,2.5
13355,25,-71.32267067,-34.41718864,UChile,0-5 cm,22
13356,65,-71.32267056,-34.41718855,UChile,0-5 cm,20.1
13357,80,-71.32267044,-34.41718846,UChile,0-5 cm,17.9
13358,45,-71.31992116,-34.34225857,UChile,0-5 cm,44.4
13359,80,-71.31992105,-34.34225849,UChile,0-5 cm,29.4
13360,65,-70.96531127,-34.49987886,UChile,0-5 cm,2.5
13389,60,-72.62721551,-36.2226805,UChile,0-5 cm,2.5
13390,60,-72.47147441,-35.98821631,UChile,0-5 cm,2.5
13391,60,-72.57206871,-36.09909782,UChile,0-5 cm,2.5
13392,60,-72.50376277,-36.26159468,UChile,0-5 cm,2.5
13393,60,-72.46386147,-36.13978128,UChile,0-5 cm,2.5
13394,60,-72.37395896,-35.98222486,UChile,0-5 cm,2.5
13395,60,-72.41705078,-36.07273519,UChile,0-5 cm,2.5
13396,60,-72.47152221,-35.99385569,UChile,0-5 cm,2.5
13397,60,-72.39502164,-35.99690372,UChile,0-5 cm,1.900235982710018
13398,60,-72.35920363,-36.15851707,UChile,0-5 cm,2.5
13399,60,-72.50184719,-36.26155173,UChile,0-5 cm,2.5
13400,60,-72.53486799,-36.15807679,UChile,0-5 cm,2.5
13401,60,-72.56479751,-36.12464291,UChile,0-5 cm,2.5
13402,60,-72.55291192,-36.11598603,UChile,0-5 cm,2.5
13403,60,-72.66764417,-36.16667459,UChile,0-5 cm,2.5
13404,60,-72.46826371,-36.00400611,UChile,0-5 cm,2.5
13405,60,-72.57095513,-36.09755423,UChile,0-5 cm,2.5
13406,60,-72.3958723,-36.15233641,UChile,0-5 cm,2.5
13407,60,-72.39489192,-36.15176051,UChile,0-5 cm,2.5
13408,60,-72.57349511,-36.09700988,UChile,0-5 cm,2.5
13409,60,-72.38386333,-36.15547913,UChile,0-5 cm,2.5
13410,60,-72.5052011,-36.09445227,UChile,0-5 cm,2.5
13411,60,-72.29395092,-35.48264103,UChile,0-5 cm,2.5
13412,60,-72.10407619,-35.52360292,UChile,0-5 cm,2.5
13413,60,-72.2928166,-35.43297163,UChile,0-5 cm,2.5
13414,60,-72.29453095,-35.47526251,UChile,0-5 cm,2.5
13415,60,-72.30151393,-35.44991047,UChile,0-5 cm,2.5
13416,40,-72.27219155,-35.44245474,UChile,0-5 cm,2.5
13417,20,-72.32118153,-35.44343165,UChile,0-5 cm,15.4
13418,60,-72.06295333,-35.52411445,UChile,0-5 cm,2.5
13419,60,-72.24607803,-35.49003173,UChile,0-5 cm,2.5
13420,60,-72.22736403,-35.43732715,UChile,0-5 cm,2.5
13421,40,-72.27380054,-35.46584206,UChile,0-5 cm,2.5
13422,60,-72.30312136,-35.4399354,UChile,0-5 cm,2.5
13423,60,-72.10818393,-35.59341432,UChile,0-5 cm,2.5
13424,60,-72.14668385,-35.60842885,UChile,0-5 cm,2.5
13425,60,-72.16556088,-35.60298629,UChile,0-5 cm,2.5
13426,60,-72.21925712,-35.47953103,UChile,0-5 cm,2.5
13427,60,-72.1590238,-35.57088564,UChile,0-5 cm,2.5
13428,80,-70.90522949,-35.12526306,UChile,0-5 cm,2.5
13429,100,-70.93139894,-35.11768487,UChile,0-5 cm,2.5
13430,40,-70.91597691,-35.11609202,UChile,0-5 cm,2.5
13431,70,-70.91812566,-35.11427603,UChile,0-5 cm,2.5
13432,114,-70.92690453,-35.11414254,UChile,0-5 cm,2.5
13433,20,-70.95133653,-34.21797012,UChile,0-5 cm,30.6
13434,20,-70.97358324,-34.21863019,UChile,0-5 cm,41.2
13435,20,-70.94371205,-34.22493759,UChile,0-5 cm,47.4
13436,20,-71.66263655,-34.17985832,UChile,0-5 cm,23.4
13437,20,-71.65505028,-34.19294498,UChile,0-5 cm,29.3
13438,20,-71.62997691,-34.24985036,UChile,0-5 cm,10
13439,20,-71.63189382,-34.24795841,UChile,0-5 cm,12
13440,20,-71.6619024,-34.17644764,UChile,0-5 cm,30.8
13441,20,-71.19621342,-34.70977398,UChile,0-5 cm,19
13442,20,-71.19896937,-34.71127311,UChile,0-5 cm,24.5
13443,20,-71.16143062,-34.62033075,UChile,0-5 cm,25.7
13444,20,-71.19621331,-34.66829793,UChile,0-5 cm,35.4
13445,90,-71.92218076,-34.6970972,UChile,0-5 cm,2.5
13446,60,-71.77003642,-34.29123906,UChile,0-5 cm,2.5
13447,60,-70.97674766,-34.71858363,UChile,0-5 cm,2.5
13448,70,-70.97637786,-34.56374689,UChile,0-5 cm,2.5
13449,90,-71.03406689,-34.79319487,UChile,0-5 cm,2.5
13450,70,-71.72030298,-34.360994,UChile,0-5 cm,2.5
13451,80,-71.77296438,-34.28336973,UChile,0-5 cm,2.5
13452,60,-71.72538063,-34.35841365,UChile,0-5 cm,2.5
13453,45,-70.99282222,-34.73379748,UChile,0-5 cm,2.5
13454,60,-71.32426737,-34.64042825,UChile,0-5 cm,2.5
13455,85,-70.58171137,-32.74996915,UChile,0-5 cm,2.5
13456,80,-70.59799988,-32.73013922,UChile,0-5 cm,2.5
13457,90,-71.44345086,-32.34841074,UChile,0-5 cm,2.5
13458,60,-71.35133633,-32.26872906,UChile,0-5 cm,2.5
13459,90,-71.38611098,-32.33039098,UChile,0-5 cm,2.5
13460,20,-70.81008587,-33.27844483,UChile,0-5 cm,2.5
13462,10,-70.82605319,-33.5034058,UChile,0-5 cm,40.28
13463,10,-70.82596348,-33.5037471,UChile,0-5 cm,43.98
13464,10,-70.82638921,-33.50305546,UChile,0-5 cm,40.6
13465,10,-70.82472265,-33.50555543,UChile,0-5 cm,40.9
13466,10,-70.63694452,-33.57194416,UChile,0-5 cm,35.7
13467,10,-70.63138901,-33.56972242,UChile,0-5 cm,39.3
13468,10,-70.79361111,-33.14750007,UChile,0-5 cm,39.7
13469,10,-70.79416654,-33.14861125,UChile,0-5 cm,38.9
13470,10,-70.81555598,-33.27833347,UChile,0-5 cm,38.2
13471,10,-70.81194458,-33.27861073,UChile,0-5 cm,61
13472,90,-70.51251074,-33.73734694,UChile,0-5 cm,2.5
13473,70,-70.51991151,-33.72904417,UChile,0-5 cm,2.5
13474,92,-70.52329996,-33.73176105,UChile,0-5 cm,2.5
13475,97,-71.40604674,-33.18008075,UChile,0-5 cm,2.5
13476,90,-71.40312246,-33.19024161,UChile,0-5 cm,2.5
13477,92,-71.45584454,-33.16652493,UChile,0-5 cm,2.5
13478,78,-71.44094701,-33.17206941,UChile,0-5 cm,2.5
13479,10,-70.83333361,-33.46666683,UChile,0-5 cm,2.5
13481,20,-70.82917545,-33.50517502,UChile,0-5 cm,2.5
13483,20,-70.82539741,-33.50329192,UChile,0-5 cm,2.5
13484,10,-70.32416619,-33.56694468,UChile,0-5 cm,29
13485,10,-70.21666703,-33.49416698,UChile,0-5 cm,21.6
13486,10,-70.12027729,-33.7033335,UChile,0-5 cm,20.6
13487,10,-69.97944462,-33.61083301,UChile,0-5 cm,12.24
13490,90,-71.04350992,-32.41099338,UChile,0-5 cm,2.5
13491,60,-71.04526295,-32.41303023,UChile,0-5 cm,2.5
13492,65,-70.85320904,-32.22700244,UChile,0-5 cm,2.5
13493,120,-70.89717109,-32.23988803,UChile,0-5 cm,2.5
13494,70,-70.89661802,-32.24201588,UChile,0-5 cm,2.5
13495,110,-70.89367395,-32.23793821,UChile,0-5 cm,2.5
13496,200,-71.0834101,-32.32642053,UChile,0-5 cm,2.5
13497,120,-71.16525506,-32.36922396,UChile,0-5 cm,2.5
13499,19,-72.29736313,-35.47501386,UChile,0-5 cm,44.4
13501,10,-72.29911532,-35.46667504,UChile,0-5 cm,46
13503,14,-72.2946637,-35.47878251,UChile,0-5 cm,39.8
13504,8,-72.29298208,-35.47807146,UChile,0-5 cm,42.3
13505,12,-72.28794985,-35.4770553,UChile,0-5 cm,48.2
13506,14,-72.29659934,-35.47115065,UChile,0-5 cm,45.8
13507,20,-72.29022915,-35.47216276,UChile,0-5 cm,48.4
13508,12,-72.29329322,-35.47408874,UChile,0-5 cm,45.9
13509,20,-72.29485817,-35.47545183,UChile,0-5 cm,41.7
13510,33,-72.2970555,-35.4761127,UChile,0-5 cm,47.3
13511,35,-72.30009024,-35.46923475,UChile,0-5 cm,48.7
13512,30,-72.29098322,-35.47039388,UChile,0-5 cm,36.7
13514,17,-72.29353842,-35.47631698,UChile,0-5 cm,55
13516,6,-72.29936881,-35.47206619,UChile,0-5 cm,39
13520,15,-72.28718981,-35.46867697,UChile,0-5 cm,37.3
13521,9,-72.2925467,-35.47334313,UChile,0-5 cm,39.5
13523,100,-72.19353473,-36.01263195,UChile,0-5 cm,2.5
13524,80,-72.40665325,-35.84331344,UChile,0-5 cm,2.5
13525,62,-72.40604725,-35.84186724,UChile,0-5 cm,2.5
13526,75,-72.13717224,-36.01450439,UChile,0-5 cm,2.5
13527,136,-70.28047991,-33.32131987,UChile,0-5 cm,2.5
13528,139,-70.25492984,-33.27487984,UChile,0-5 cm,2.5
13529,95,-70.26597956,-33.30641031,UChile,0-5 cm,2.5
13530,89,-70.23884027,-33.2815801,UChile,0-5 cm,2.5
13537,100,-70.33295222,-33.39252125,UChile,0-5 cm,2.5
13538,120,-70.33044144,-33.39285483,UChile,0-5 cm,2.5
13539,80,-70.32958326,-33.39015838,UChile,0-5 cm,2.5
13540,80,-70.33889268,-33.38657701,UChile,0-5 cm,2.5
13541,300,-70.34227846,-33.38792933,UChile,0-5 cm,2.5
13542,170,-70.35048017,-33.38923826,UChile,0-5 cm,2.5
13543,132,-70.13680209,-33.66768694,UChile,0-5 cm,2.5
13544,150,-70.1368509,-33.66720742,UChile,0-5 cm,0
13545,190,-70.14151212,-33.66125358,UChile,0-5 cm,2.5
13546,157,-70.14051446,-33.65851308,UChile,0-5 cm,2.5
13548,105,-70.96434344,-33.87439861,UChile,0-5 cm,2.5
13549,100,-70.95984366,-33.87428092,UChile,0-5 cm,2.5
13550,45,-70.94848195,-33.8738029,UChile,0-5 cm,2.5
13551,120,-70.92965501,-33.87256632,UChile,0-5 cm,2.5
13552,50,-70.70416639,-28.61722252,UChile,0-5 cm,2.5
13553,90,-70.27472173,-28.92166627,UChile,0-5 cm,2.5
13554,40,-70.00333296,-27.95250034,UChile,0-5 cm,2.5
13555,50,-70.26388868,-27.547222090000002,UChile,0-5 cm,2.5
13556,60,-70.11499979,-27.83138857,UChile,0-5 cm,2.5
13558,80,-70.58333315,-27.3166667,UChile,0-5 cm,2.5
13559,80,-70.56666623,-27.3333337,UChile,0-5 cm,2.5
13560,60,-70.44999971,-27.30000029,UChile,0-5 cm,2.5
13562,3,-72.25779352,-35.14896091,UChile,0-5 cm,8.6
13564,20,-70.66166661,-33.14805545,UChile,0-5 cm,32.5
13565,20,-70.79388876,-33.14749968,UChile,0-5 cm,38.9
13566,20,-70.81222266,-33.27861119,UChile,0-5 cm,2.5
13567,20,-70.82556191,-33.50333369,UChile,0-5 cm,44
13568,20,-70.82555545,-33.50333378,UChile,0-5 cm,40.3
13569,10,-69.70574416,-18.72767628,UChile,0-5 cm,45.98709677
13570,10,-69.66933838,-18.72257724,UChile,0-5 cm,49.96588324
13571,10,-69.6399534,-18.71244946,UChile,0-5 cm,40.6277245
13572,10,-69.82359826,-18.46560062,UChile,0-5 cm,9.23604573
13573,10,-69.83138604,-18.4701486,UChile,0-5 cm,30.54310345
13574,10,-69.8570038,-18.47953277,UChile,0-5 cm,30.19418209
13575,10,-69.3570538,-19.79925874,UChile,0-5 cm,32.36363636
13576,10,-69.27167839,-19.76498764,UChile,0-5 cm,36.59276683
13577,10,-69.20803515,-19.69653697,UChile,0-5 cm,44.8926198
13604,190,-73.061287,-40.521744,WoSIS,0-5 cm,2.5
13605,104,-73.011459,-41.265144,WoSIS,0-5 cm,2.5
13606,200,-72.300217,-40.740971,WoSIS,0-5 cm,2.5
13607,65,-72.80158199,-39.465817,WoSIS,0-5 cm,2.5
13620,275,-71.500084,-31.81286,WoSIS,0-5 cm,2.5
13621,125,-71.3825,-30.674444,WoSIS,0-5 cm,2.5
13622,123,-71.259109,-30.233389,WoSIS,0-5 cm,2.5
13623,117,-71.481529,-30.275723,WoSIS,0-5 cm,2.5
13624,120,-71.529587,-31.572834,WoSIS,0-5 cm,2.5
13625,140,-70.834168,-33.496666,WoSIS,0-5 cm,2.5
13626,150,-71.336525,-35.104084,WoSIS,0-5 cm,2.5
13627,160,-71.83139,-36.756111,WoSIS,0-5 cm,2.5
13628,165,-72.091698,-36.930473,WoSIS,0-5 cm,2.5
13629,185,-72.328392,-36.621834,WoSIS,0-5 cm,2.5
13630,135,-71.314888,-35.611526,WoSIS,0-5 cm,2.5
13631,170,-71.512222,-35.463612,WoSIS,0-5 cm,2.5
13632,217,-72.205643,-40.774448,WoSIS,0-5 cm,2.5
13633,74,-72.22792801,-40.781223,WoSIS,0-5 cm,2.5
13640,133,-71.28054559,-32.22325908,UChile,0-5 cm,2.5
13641,125,-71.05070502,-32.14589264,UChile,0-5 cm,2.5
13642,115,-71.273033,-32.228237,UChile,0-5 cm,2.5
13643,54,-70.34880724,-33.38949367,UChile,0-5 cm,2.5
13644,145,-70.37441613,-33.40174896,UChile,0-5 cm,2.5
13646,200,-71.50147872,-39.34115185,UChile,0-5 cm,2.5
13647,21,-71.5007962,-39.34218456,UChile,0-5 cm,38.33563536
13648,201,-71.5007962,-39.34218456,UChile,0-5 cm,2.5
13649,200,-71.49998635,-39.34159836,UChile,0-5 cm,2.5
13650,200,-71.49784158,-39.34359942,UChile,0-5 cm,2.5
13651,215,-71.49748832,-39.34345385,UChile,0-5 cm,2.5
13652,200,-71.4980813,-39.3428375,UChile,0-5 cm,2.5
13653,295,-71.49581572,-39.34633663,UChile,0-5 cm,2.5
13654,140,-71.48011214,-39.35965469,UChile,0-5 cm,2.5
13655,140,-71.47944936,-39.35929044,UChile,0-5 cm,2.5
13656,328,-71.48562556,-39.35575316,UChile,0-5 cm,2.5
13657,200,-71.49704979,-39.34482364,UChile,0-5 cm,2.5
13658,160,-71.47686936,-39.38249885,UChile,0-5 cm,2.5
13659,170,-71.11032466,-35.37303667,UChile,0-5 cm,2.5
13660,120,-71.04151732,-35.44308494,UChile,0-5 cm,2.5
13661,49,-70.90852089,-35.5014878,UChile,0-5 cm,0.04595128586428267
13662,140,-70.93480191,-35.50465695,UChile,0-5 cm,2.5
13663,145,-70.96432868,-35.4889173,UChile,0-5 cm,2.5
13664,150,-72.38627249,-35.87128927,UChile,0-5 cm,2.5
13665,160,-72.40271075,-35.86775233,UChile,0-5 cm,2.5
13666,220,-72.39110886,-35.91291091,UChile,0-5 cm,2.5
13667,170,-72.40721997,-35.82254197,UChile,0-5 cm,2.5
13668,90,-70.39583332,-23.10500012,UChile,0-5 cm,2.5
13669,90,-70.37388843,-23.11722267,UChile,0-5 cm,2.5
13670,90,-70.37611131,-23.12416658,UChile,0-5 cm,5.2
13673,80,-70.56873054,-27.33684167,UChile,0-5 cm,2.5
13674,80,-70.53897779,-27.31936671,UChile,0-5 cm,2.5
13675,80,-70.454,-27.29805,UChile,0-5 cm,2.5
13680,40,-73.08333313,-38.98333365,UChile,0-5 cm,2.5
13681,40,-73.14999996,-38.99999977,UChile,0-5 cm,2.5
13683,60,-70.72222204,-30.09027739,UChile,0-5 cm,2.5
13684,60,-73.18861107,-40.66722216,UChile,0-5 cm,2.5
13685,60,-72.35916616,-39.2691663,UChile,0-5 cm,2.5
13692,15,-70.44651381,-25.01152745,CHLSOC,0-5 cm,20.6
13693,15,-70.4320194,-24.99983039,CHLSOC,0-5 cm,23.2
13694,15,-70.42503371,-25.00921931,CHLSOC,0-5 cm,22.6
13695,15,-70.4046308,-25.00808343,CHLSOC,0-5 cm,20
13696,15,-70.3927859,-25.01395286,CHLSOC,0-5 cm,24.3
13697,15,-70.38890042,-25.02239464,CHLSOC,0-5 cm,15.6
13698,15,-70.35853297,-25.01511676,CHLSOC,0-5 cm,4.9
13699,15,-70.31320266,-24.98844985,CHLSOC,0-5 cm,25.4
13700,15,-70.29854195,-25.02501651,CHLSOC,0-5 cm,19.4
13701,15,-70.31286341,-24.95565286,CHLSOC,0-5 cm,10.1
13702,15,-70.25511103,-25.04584176,CHLSOC,0-5 cm,19.5
13703,15,-69.6949639,-19.84967467,CHLSOC,0-5 cm,21.8
13704,15,-69.68908579,-19.78208376,CHLSOC,0-5 cm,15.1
13705,15,-69.6488723,-19.73955037,CHLSOC,0-5 cm,19.4
13706,15,-69.62622765,-19.69781069,CHLSOC,0-5 cm,20.3
13707,15,-69.60896629,-19.66592747,CHLSOC,0-5 cm,20
13708,15,-69.58180315,-19.64456982,CHLSOC,0-5 cm,24
13709,15,-69.55761639,-19.62719199,CHLSOC,0-5 cm,23.2
13710,15,-69.51027773,-19.59546954,CHLSOC,0-5 cm,24.4
13711,15,-69.48360322,-19.57204454,CHLSOC,0-5 cm,21.3
13712,15,-69.43323323,-19.5535248,CHLSOC,0-5 cm,23.4
13713,15,-69.39855318,-19.55582235,CHLSOC,0-5 cm,29.7
13714,15,-69.38126104,-19.52861676,CHLSOC,0-5 cm,24.7
13715,15,-69.90784449,-19.42493329,CHLSOC,0-5 cm,23.1
13716,15,-69.84091101,-19.3976861,CHLSOC,0-5 cm,9.1
13717,15,-69.89311109,-19.3464164,CHLSOC,0-5 cm,4
13718,15,-69.75468345,-18.8102191,CHLSOC,0-5 cm,20
13719,15,-69.7500885,-18.80358891,CHLSOC,0-5 cm,37.6
13720,15,-69.74465801,-18.80021355,CHLSOC,0-5 cm,32.7
13721,15,-69.71411689,-18.79059426,CHLSOC,0-5 cm,41.7
13722,15,-69.69735796,-18.78234684,CHLSOC,0-5 cm,51.7
13723,15,-70.0279329,-24.11672476,CHLSOC,0-5 cm,12.1
13725,71,-72.753559,-47.27948696,Otros,0-5 cm,2.5
13727,36,-69.93986016,-24.3817738,Otros,0-5 cm,2.483109720020688
13728,69,-69.93980019,-24.38166489,Otros,0-5 cm,2.2738559101307563
13729,75,-69.93976044,-24.38148994,Otros,0-5 cm,2.5
13730,73,-69.93972327,-24.38139625,Otros,0-5 cm,2.5
13731,137,-69.93963416,-24.38121347,Otros,0-5 cm,2.5
13757,20,-70.54872242,-26.10941696,UChile,0-5 cm,16.4231594
13758,30,-70.54913864,-26.11019429,UChile,0-5 cm,2.5
13759,30,-70.78897191,-26.95608367,UChile,0-5 cm,7.066933991
13760,110,-70.49736115,-27.78986102,UChile,0-5 cm,2.5
13761,120,-70.82486159,-28.86461071,UChile,0-5 cm,2.5
13762,60,-70.16919434,-29.75291673,UChile,0-5 cm,2.5
13763,130,-71.10969448,-29.7521669,UChile,0-5 cm,2.5
13764,160,-70.3278556,-33.41369799,UChile,0-5 cm,2.5
13767,50,-73.65295448,-41.88341046,UChile,0-5 cm,2.5
13768,50,-73.65125325,-42.26104888,UChile,0-5 cm,2.5
13769,50,-73.89651648,-42.01114345,UChile,0-5 cm,2.5
13770,50,-73.6529433,-41.88368514,UChile,0-5 cm,2.5
13771,50,-73.65093586,-42.26151195,UChile,0-5 cm,2.5
13772,50,-73.89605203,-42.01122633,UChile,0-5 cm,2.5
13773,50,-73.65966731,-41.87479843,UChile,0-5 cm,2.5
13774,50,-73.65422884,-42.26326879,UChile,0-5 cm,2.5
13775,50,-73.81562697,-42.0581587,UChile,0-5 cm,2.5
13776,50,-73.64590677,-41.87774311,UChile,0-5 cm,2.5
13777,50,-73.69383904,-42.25004564,UChile,0-5 cm,2.5
13778,50,-73.81607354,-42.0578338,UChile,0-5 cm,2.5
13785,20,-70.54903,-26.10939,Otros,0-5 cm,2.5
13786,10,-70.5492,-26.11013,Otros,0-5 cm,2.5
13787,10,-70.5492,-26.1102,Otros,0-5 cm,2.5
13788,10,-70.54921,-26.11024,Otros,0-5 cm,2.5
13789,40,-71.16557,-29.76114,Otros,0-5 cm,2.5
13790,40,-71.16732,-29.75639,Otros,0-5 cm,2.5
13791,60,-71.16637,-29.7574,Otros,0-5 cm,2.5
13792,60,-71.16611,-29.7583,Otros,0-5 cm,2.5
13793,140,-71.06428,-32.95716,Otros,0-5 cm,2.5
13794,80,-71.06372,-32.95581,Otros,0-5 cm,2.5
13795,160,-71.06349,-32.95588,Otros,0-5 cm,2.5
13796,360,-71.06373,-32.95609,Otros,0-5 cm,2.5
13902,160,-73.01384,-37.80905,Otros,0-5 cm,2.5
13903,200,-73.01268,-37.8072,Otros,0-5 cm,2.5
13904,200,-73.01353,-37.80765,Otros,0-5 cm,2.5
13905,120,-73.01344,-37.80841,Otros,0-5 cm,2.5
13910,62,-70.8213056,-32.0758056,UChile,0-5 cm,2.5
13911,75,-70.7059167,-32.225972,UChile,0-5 cm,2.5
13912,70,-72.644606,-42.933248,UChile,0-5 cm,33.8828541
13913,70,-71.958708,-43.117888,UChile,0-5 cm,30.83677932
13914,70,-72.048847,-43.332211,UChile,0-5 cm,7.017933856
13915,70,-71.98314,-43.275336,UChile,0-5 cm,25.87285442
13916,70,-71.941421,-43.606002,UChile,0-5 cm,39.16162281
13917,70,-71.883738,-43.596286,UChile,0-5 cm,5.842783836
13918,70,-72.113058,-43.589734,UChile,0-5 cm,6.86667075
13919,70,-72.164201,-43.658029,UChile,0-5 cm,76.04963448
13920,70,-72.450669,-42.866309,UChile,0-5 cm,0.804818015
13921,70,-72.401393,-42.848333,UChile,0-5 cm,13.83773585
13927,205,-71.7867945,-39.4368421,UChile,0-5 cm,2.5
13928,130,-71.5408544,-39.4092625,UChile,0-5 cm,2.5
13929,210,-71.4067299,-39.327826,UChile,0-5 cm,2.5
13930,205,-71.5629679,-39.281371300000004,UChile,0-5 cm,2.5
13931,125,-71.4705021,-39.0239003,UChile,0-5 cm,2.5
13932,210,-72.40443,-35.82021,UChile,0-5 cm,2.5
13933,70,-72.40233333,-35.82833333,UChile,0-5 cm,2.5
13934,125,-72.40611111,-35.83555556,UChile,0-5 cm,2.5
