id,0-5 cm,5-15 cm,15-30 cm,30-60 cm,60-100 cm,100-200 cm,soil depth,x,y,Source
2086,0.34364849624060145,0.34364849624060145,0.34476235230934477,0.38683992094291025,0.4295892553965559,NA,74,-72.66258565,-48.31854844,CHLSOC
2087,0.12519455700088403,0.11262551782003304,0.08000980922554257,0.07732099928612424,0.03885049582067104,NA,74,-72.66258565,-48.31854844,CHLSOC
2088,0.12525567004443805,0.13145045319123844,0.14692424645876082,0.16666843501855788,0.17721066959423376,NA,80,-72.34483909,-48.253207,CHLSOC
2089,0.1932284946236559,0.18264678209993676,0.14040196078431375,0.10271793959519293,NA,NA,31,-73.51804315,-47.79141855,CHLSOC
2090,0.407,0.407,0.407,NA,NA,NA,23,-73.07585168,-47.7001661,CHLSOC
2091,0.3157656865485781,0.29247755540753495,0.243089317294429,0.18636947519763708,0.1614675994670404,NA,74,-72.94555953,-47.48234204,CHLSOC
2092,0.13,0.13,NA,NA,NA,NA,8,-72.59043587,-47.2896276,CHLSOC
2093,0.25541867293012327,0.2436976291837933,0.2246243638676845,NA,NA,NA,25,-72.49085695,-47.26195015,CHLSOC
2094,0.21646710035751282,0.15150841509373122,0.1780466130829304,0.14223181354083037,NA,NA,58,-72.24317388,-47.23738386,CHLSOC
2096,0.20880471270279113,0.20802066482771517,0.20337483052036093,0.16856623063924717,NA,NA,56,-72.68752222,-47.14735727,CHLSOC
2097,0.1766819468024901,0.1812447651386531,0.19642860947435004,0.20472549019607844,NA,NA,36,-72.45635354,-47.11921865,CHLSOC
2098,0.22020991940036758,0.20578296461799364,0.19465074301801788,0.20875322308650737,NA,NA,47,-72.60890576,-47.1135525,CHLSOC
2099,0.11889230489401091,0.11426031844265108,0.09893008621068655,0.08794625842605802,0.02697175464086262,0.10089005429762862,120,-71.7001371,-46.54507242,CHLSOC
2100,0.11569344909376723,0.12273919388616186,0.1387436666794031,0.14213673679893904,0.135638537422157,NA,92,-71.73868062,-46.72717222,CHLSOC
2101,0.11052137655413385,0.11089657359179021,0.11234583230639905,0.11562080806204394,0.11744534514016894,NA,69,-71.8672515,-46.51644819,CHLSOC
2102,0.2797933183734092,0.22564964995560866,0.25228682949111336,0.2650704062407054,0.0756144979083059,NA,65,-72.53019162,-46.75176027,CHLSOC
2107,0.1263130207791815,0.10721789261101071,0.05745918273886228,0.0803004128311073,0.1467677537591629,NA,90,-72.71684099,-46.53849301,CHLSOC
2108,0.1222792132822242,0.10421443651935498,0.035839332927123456,0.1806776981440295,0.555311328669203,0.18043988840296168,168,-72.56091111,-46.12423387,CHLSOC
2109,0.15104653104354543,0.14515342782120624,0.13361377828740956,0.1384572372352486,0.19731371696397082,NA,90,-72.0735922,-46.10764901,CHLSOC
2110,0.08369909710913964,0.058828917088723856,0.04322990971684759,0.21792795269341425,0.19873428166584256,NA,97,-71.9530782,-46.23658086,CHLSOC
2111,0.1284481327512445,0.11465280984885673,0.08712938956991305,0.07312528389161152,0.06692759106871199,0.06008839797059417,122,-71.94350943,-46.28714194,CHLSOC
2112,0.08918214687684366,0.13483702497579234,0.16065330762115346,0.12980282175731286,0.20119860530315645,NA,100,-72.09926057,-46.2222507,CHLSOC
2113,0.1895912802282542,0.18882642764449498,0.18641157227337327,0.17035073619534075,0.1903863452834992,NA,100,-71.83604749,-45.90280182,CHLSOC
2114,0.1012691571135905,0.09369672726640858,0.09301836138942603,0.0984180255063468,0.0979514232955627,0.11505480080812752,122,-71.72763736,-45.86700008,CHLSOC
2115,0.21602969180013282,0.21226280598696518,0.19495478543393338,0.17348249996064863,0.22670852473705894,0.21174990776403954,106,-71.78873351,-45.78201941,CHLSOC
2116,0.23951858156672892,0.2274952376358424,0.20400488128800645,0.1817422717628519,0.15888459919197306,0.2200652404013477,178,-72.06091754,-45.75910861,CHLSOC
2117,0.21337576908495323,0.21314191047843564,0.21230036678893416,0.2232166865846632,0.21440623252956095,0.2055657690278224,124,-72.06522654,-45.84895919,CHLSOC
2118,0.22222904624132594,0.2305842388742035,0.2237273846252419,0.16812093846324172,0.1690922929697742,NA,80,-72.11269808,-45.75145597,CHLSOC
2119,0.32164706573684154,0.3356059440848713,0.2753806959119092,0.1578219018788501,0.2039865342305717,NA,80,-72.19405994,-45.69169256,CHLSOC
2120,0.1667532113179579,0.15329705283501968,0.12593992450537314,0.14802973722734666,0.16830700217271344,NA,94,-72.19467987,-45.59553961,CHLSOC
2121,0.29109806141052713,0.24122692878015914,0.18270890151218894,0.16672338353932573,0.1637457981400499,0.13700515477306155,118,-72.01347312,-45.57205753,CHLSOC
2122,0.17034982110629615,0.17186926091223453,0.17662942455812397,0.2001549328735928,0.20784942193766784,0.166626452592539,155,-72.00266047,-45.44787081,CHLSOC
2124,0.18353918111403064,0.17281406636982963,0.2007095047558209,0.19070373775280502,0.17288031697115905,NA,88,-72.60571986,-45.35511452,CHLSOC
2126,0.22974627660862518,0.20301915810163307,0.14696340038263014,0.22496543485911874,0.13035235905675754,0.16996093339707283,130,-72.27508941,-45.86483568,CHLSOC
2127,0.1899311185164715,0.17444069778935203,0.15146595567138757,0.1329345633004369,0.11676900164690515,0.14986408689374492,116,-71.52774381,-45.37193228,CHLSOC
2128,0.20225439804085307,0.19656889767154037,0.18731256580187342,0.20841834922170496,0.1999950051837446,NA,80,-71.87770767,-45.13722744,CHLSOC
2129,0.24369713930348258,0.25124063709231625,0.2676501750506726,0.2755700663349918,NA,NA,39,-71.86727854,-44.68611968,CHLSOC
2130,0.16893795760391675,0.17526814140351188,0.1895780536406668,0.17611808381647326,0.1731596074238561,NA,76,-71.50750907,-44.58309702,CHLSOC
2131,0.2957487637545368,0.21696963320601736,0.14357931229829876,0.22138933192862004,0.1769115415383213,0.14600707232561097,128,-72.61459953,-44.75686683,CHLSOC
2133,0.20414231740293642,0.18436745914835131,0.1230652454635288,0.09810773495494868,0.17441906242512906,0.4189798724535035,110,-72.43321968,-44.0476353,CHLSOC
2134,0.03712390243156187,0.02996064839985175,0.02821268995273687,0.03446046736114278,0.02992793649462585,0.02696512883026007,110,-72.9556333,-43.76477928,CHLSOC
2135,0.19181220075937014,0.1435033455165018,0.1429433164464693,0.17309856845934748,0.1346144056441695,0.26166362462323817,130,-72.36576661,-43.84824399,CHLSOC
2136,0.08383697017670726,0.08263836672255326,0.09300703846957425,0.10805341274042156,0.10979454155897402,0.0901332187278702,146,-72.31638957,-43.98892261,CHLSOC
13030,0.19765337082364534,0.19993973912991236,0.2096989660123886,0.2494506341303133,NA,NA,60,-72.46850601,-36.0435651,UChile
13031,0.0959053099259206,0.10963805176546927,0.15765162848542744,0.19026438376853463,NA,NA,60,-72.46787512,-36.04385822,UChile
13032,0.17849658742031807,0.1702181903113979,0.1438548031458217,0.17435798669400543,NA,NA,60,-72.46842071,-36.04414916,UChile
13033,0.10506209332924787,0.1293596005839837,0.21349579135199437,0.2553570312048425,NA,NA,60,-72.46897397,-36.0438544,UChile
13034,0.1558436822215413,0.1598932667639973,0.17391596522533237,0.1808928385341404,NA,NA,60,-72.46947808,-36.04405432,UChile
13035,0.09668783006795117,0.11940134911050629,0.1975920585425641,0.22777116303872902,NA,NA,60,-72.47019798,-36.04375406,UChile
13036,0.13590530992592056,0.14963805176546924,0.19765162848542744,0.23026438376853464,NA,NA,60,-72.46985519,-36.04336827,UChile
13037,0.11927910756234865,0.11998148765643492,0.12379523320295836,0.15186476596419982,NA,NA,60,-72.46963526,-36.04295804,UChile
13038,0.10681015422697257,0.11966128794842677,0.16554312887895556,0.21454328156662106,NA,NA,60,-72.46899185,-36.04329596,UChile
13039,0.0826538364485139,0.09955455471242408,0.15945909410428796,0.21543612010076144,NA,NA,60,-72.46869747,-36.042785,UChile
13040,0.09427957318721725,0.10959630323894667,0.1635553612948577,0.20785025193464807,NA,NA,60,-72.46851313,-36.04230341,UChile
13041,0.06506209332924785,0.0893596005839837,0.17349579135199433,0.21535703120484245,NA,NA,60,-72.46816532,-36.04172824,UChile
13042,0.09129656999693589,0.10951970043798778,0.1726218435139958,0.20401777340363184,NA,NA,60,-72.46786159,-36.041163,UChile
13043,0.03849751867005519,0.05944782147642135,0.13337505932962038,0.19632895863490188,NA,NA,60,-72.46763983,-36.0404643,UChile
13044,0.08967083325823254,0.10947795191146517,0.178525576323426,0.22160364156974524,NA,NA,60,-72.46735771,-36.03991755,UChile
13045,0.14292230673563922,0.15956144896451036,0.2167181107045655,0.23643190523751845,NA,NA,60,-72.46816669,-36.04307122,UChile
13046,0.16720094867311938,0.1699281210384336,0.18075321581562456,0.21231118523127004,NA,NA,60,-72.46792043,-36.04244411,UChile
13047,0.11382715103669125,0.1295846851474679,0.18460961109809362,0.22071080303560484,NA,NA,60,-72.46740165,-36.04200953,UChile
13048,0.11843589096567593,0.12970303647494938,0.16963939606952533,0.20695741340050763,NA,NA,60,-72.46724412,-36.04138429,UChile
13049,0.0717489921474619,0.08953131852946654,0.1515675937107598,0.19115722230267504,NA,NA,60,-72.46699787,-36.04075718,UChile
13050,0.08934073526672796,0.09972627265790693,0.13753089646305341,0.19123631119859405,NA,NA,60,-72.46936006,-36.04242,UChile
13051,0.09473199533774324,0.10960792133042542,0.16250111149162177,0.21498970083369126,NA,NA,60,-72.46908997,-36.04183997,UChile
13052,0.09759267436900318,0.11942458529346381,0.19548355893609226,0.24205006083681543,NA,NA,60,-72.46878001,-36.04123,UChile
13053,0.1375072246955414,0.13019278371574652,0.11039101974850252,0.20522696752144826,NA,NA,60,-72.46848004,-36.04061996,UChile
13054,0.08888831311620193,0.09971465456642814,0.13858514626628934,0.18409686229955083,NA,NA,60,-72.46824002,-36.04002002,UChile
13055,0.09174899214746188,0.10953131852946654,0.17156759371075983,0.21115722230267503,NA,NA,60,-72.46799001,-36.03941996,UChile
13056,0.0771402522184772,0.09941296720198507,0.1765378087393282,0.21491061193777228,NA,NA,60,-72.46766001,-36.03883001,UChile
13057,0.049670833258232565,0.06947795191146519,0.13852557632342605,0.18160364156974526,NA,NA,60,-72.46691,-36.03924003,UChile
13058,0.07816742067855059,0.08969614222286307,0.13238037946924772,0.20596162826375064,NA,NA,60,-72.46619,-36.03951999,UChile
13059,0.09090484430105202,0.09002323618295753,0.08789150039352811,0.10427889779808641,NA,NA,60,-72.46650995,-36.04015002,UChile
13060,0.09882668541182267,0.09996986956495618,0.1048494830061943,0.12472531706515665,NA,NA,60,-72.46673996,-36.04100996,UChile
13061,0.10798346881514992,0.11969141838347061,0.16069364587276125,0.18981796450146443,NA,NA,60,-72.46754001,-36.04297001,UChile
13062,0.1208441478464099,0.13950808234650902,0.20367609331723172,0.2268783245045886,NA,NA,60,-72.47017741,-36.04266304,UChile
13063,0.11888831311620195,0.12971465456642814,0.16858514626628937,0.21409686229955086,NA,NA,60,-72.46988174,-36.04184561,UChile
13064,0.09843589096567593,0.10970303647494938,0.1496393960695253,0.18695741340050764,NA,NA,60,-72.4696019,-36.04122681,UChile
13065,0.11174899214746188,0.12953131852946653,0.19156759371075982,0.23115722230267505,NA,NA,60,-72.46926807,-36.04056179,UChile
13066,0.10174899214746187,0.11953131852946652,0.1815675937107598,0.22115722230267504,NA,NA,60,-72.4689786,-36.03989772,UChile
13067,0.09096647200543129,0.0997680211844295,0.13162716365362315,0.17365044303248064,NA,NA,60,-72.4686874,-36.03928769,UChile
13068,0.07343635659054452,0.09931785205746112,0.18939952416142464,0.24294289937095587,NA,NA,60,-72.46837807,-36.03855109,UChile
13069,0.10168736444308261,0.10978653352799457,0.1378319304506648,0.15178567706828083,NA,NA,60,-72.46901856,-36.03830324,UChile
13070,0.08726257637749861,0.09967290603990556,0.1444888790757196,0.20168273046566423,NA,NA,60,-72.46937139,-36.03906779,UChile
13071,0.09979315741725393,0.10973789074938567,0.1464766466598175,0.20837576009763725,NA,NA,60,-72.46964429,-36.03990277,UChile
13072,0.1277995169517493,0.1396866945440782,0.17900691227627477,0.16367430073917819,NA,NA,60,-72.46985514,-36.04024972,UChile
13073,0.10876598895718051,0.12945471572850764,0.20063407592989793,0.22732474377165884,NA,NA,60,-72.47018956,-36.04089671,UChile
13074,0.1508441478464099,0.16950808234650905,0.23367609331723174,0.2568783245045886,NA,NA,60,-72.47082703,-36.04109043,UChile
13075,0.17888831311620193,0.18971465456642816,0.22858514626628937,0.27409686229955094,NA,NA,60,-72.47150901,-36.04093358,UChile
13076,0.1696699020084954,0.16024832074644174,0.12900532013962737,0.13963266962884882,NA,NA,60,-72.47159025,-36.04047562,UChile
13077,0.11907226497960263,0.12971937840582062,0.17027187986277584,0.2602405260618371,NA,NA,60,-72.4707847,-36.04033243,UChile
13078,0.09500046562486857,0.10961481558251172,0.15976012809189932,0.17598548597044822,NA,NA,60,-72.4704013,-36.03982862,UChile
13079,0.09810579297417135,0.09995135722139112,0.10864471620915268,0.15659008302935645,NA,NA,60,-72.4700882,-36.03920911,UChile
13080,0.13674852652259337,0.13991650294695485,0.15180746561886055,0.17517173633222682,NA,NA,60,-72.46960257,-36.03843274,UChile
13081,0.14213978659360857,0.1497981516194733,0.17677768064742885,0.19892512596732403,NA,NA,60,-72.46942961,-36.03794238,UChile
13082,0.133313101181786,0.1398282820545172,0.16192819764123453,0.16419980890216743,NA,NA,60,-72.47014859,-36.03766914,UChile
13083,0.0718951382755658,0.09927827394363235,0.19087553997464599,0.17538088891154,NA,NA,60,-72.4704673,-36.03846001,UChile
13084,0.08427957318721725,0.09959630323894667,0.1535553612948577,0.19785025193464806,NA,NA,60,-72.47041923,-36.04308275,UChile
13085,0.1475310466646239,0.15967980029199186,0.20174789567599719,0.22267851560242122,NA,NA,60,-72.47089223,-36.04356141,UChile
13086,0.12,0.12,0.12,0.12000000000000001,NA,NA,60,-72.47138828,-36.04331952,UChile
13087,0.18286067903125997,0.1898166639630384,0.21298244744447045,0.20706036000312422,NA,NA,60,-72.47159296,-36.0428191,UChile
13088,0.11473199533774325,0.12960792133042542,0.18250111149162176,0.23498970083369125,NA,NA,60,-72.47099997,-36.04296882,UChile
13089,0.11545288777539456,0.1296264336739905,0.17870587828866338,0.20312493486949146,NA,NA,60,-72.47085668,-36.04224474,UChile
13090,0.13915678340332724,0.14972154881851443,0.1858441628665669,0.19509264743630783,NA,NA,60,-72.47120553,-36.04174737,UChile
13091,0.14253151228949248,0.16929461587450356,0.26150802376789656,0.2986640015728695,NA,NA,60,-72.47199107,-36.04147552,UChile
13238,0.1771685328569388,0.18993834285257474,0.21324493370481795,0.281576412868928,0.3291896627464804,0.3228858328907976,110,-72.49579,-36.026772,UChile
13239,0.2397906009894313,0.22730675420272226,0.20073549861482276,0.18145143748989065,0.19182914825274472,0.2063174323988737,130,-72.495196000000007,-36.032014,UChile
13240,0.3098427569970635,0.30382726761575063,0.28778760982981033,0.2847242326845623,0.26992073157846896,0.2542738355716804,148,-72.481449,-35.992856,UChile
13241,0.2526510638261644,0.2847173111546166,0.3407288790210348,0.3405797873539762,0.26959726102116605,0.22334758441684596,168,-72.474423,-35.994734,UChile
13242,0.16759371007341767,0.19526849422036063,0.2163393863367393,0.18057369594335052,0.16482529892842324,0.17333286784044152,150,-72.3938838,-35.79776622,UChile
13243,0.15808357870097595,0.1827892587152251,0.22116341420440036,0.2074637956620422,0.16860961584378711,0.16226976728042378,140,-72.39300105,-35.79831744,UChile
13244,0.24057878303094224,0.2307774943528335,0.19999449020769863,0.1624644292199339,0.15226598545317216,0.16404430107330564,140,-72.39346647,-35.79806759,UChile
13245,0.15732492908682913,0.15743088529501534,0.15819598528933318,0.14701382289972137,0.16064775634114806,0.1680749660908489,131,-72.40441293,-35.82138872,UChile
13246,0.3025041273476668,0.27109326500329567,0.1895073256240694,0.20203443524335557,0.284473616420058,0.27526624596749044,110,-72.49881603,-36.26106655,UChile
13247,0.0838196031117636,0.09266310944865638,0.11665369253923219,0.10497419794659246,0.1472212725655539,0.2856873758450581,120,-72.175265,-35.952881,UChile
13248,0.1671401902003975,0.16516549351776721,0.15825291952330828,0.14719525164128705,0.14238107495913355,NA,70,-72.471386,-36.045788,UChile
13249,0.17262882248040734,0.12482865458688297,0.07441337423917745,0.08393120090684318,0.10136329962671113,0.08389609951351991,200,-72.29129628,-35.95282623,UChile
13250,0.11564657454772002,0.07652213578691798,0.0352521379429448,0.053601737939085764,0.12101963462275235,0.09603109350113773,170,-72.243081,-35.920117,UChile
13251,0.11952654236503905,0.12145072681731874,0.12801860123624645,0.13639147153426845,0.14102870113720448,NA,95,-72.470755,-36.121106,UChile
13252,0.26116121396660347,0.2511387215927077,0.23679489961734032,0.23534592665451692,0.2059223868921713,NA,75,-72.30679501,-36.185302,UChile
13253,0.10833685680315398,0.15507792652218352,0.230187305109495,0.2781789606967833,0.30536238067148475,0.32274511573531683,120,-72.13007499,-35.95471,UChile
13254,0.09859773670414995,0.09853813107279549,0.09836915790950995,0.10069275102335933,0.09227664818885956,0.11000720258724862,135,-72.424173,-36.067436,UChile
13255,0.13388355874570443,0.1261607988686832,0.1688962652733155,0.3231012975050751,0.3172352496860893,0.295503282463128,130,-72.431076,-36.066443,UChile
13256,0.09275401311599601,0.0610825138316959,0.05110898199593599,0.04830292038395372,0.04407091060468547,0.03475090617832658,145,-72.12433285,-35.93484732,UChile
13257,0.18971042342698954,0.17281694222878266,0.14335638403339046,0.27066159953862223,0.37769707460730706,NA,70,-72.12433285,-35.93484732,UChile
13258,0.10895891038351811,0.10650001290561563,0.10075555721291837,0.13293855740717242,0.32077041808666146,NA,90,-72.213809,-35.972789,UChile
13259,0.061604086699103194,0.0632772836992479,0.06979031492739511,0.08642577225306859,0.07375700084352009,0.041918039687231005,120,-72.24570739,-35.91953237,UChile
13260,0.1456927074649766,0.1419071141473197,0.13892677426117708,0.1444403008904057,0.1433367581339193,0.12242110611103402,160,-72.401239,-35.81305,UChile
13261,0.13577089854957744,0.1350313252004198,0.13058180988170529,0.11619420000233108,0.15868822235251195,NA,92,-72.400305,-35.813584,UChile
13262,0.16501161791465563,0.1790581913005722,0.20125681529510028,0.15692267578115893,0.16475280560751338,0.1838733897459653,120,-72.40078899,-35.81332,UChile
13263,0.1575609289551067,0.16972940194720101,0.2054581926429874,0.18630441856996338,NA,NA,60,-72.313613,-36.176964,UChile
13264,0.12069988560911431,0.11932812572861945,0.12728115462623704,0.18451827375591906,0.2119634527609043,0.15775259769575178,170,-72.306346,-35.816421,UChile
13265,0.09776612797317322,0.11674678356324371,0.18323571859277182,0.23940715780388044,0.22874764486701166,0.20331026547260447,140,-72.211826,-36.073752,UChile
13266,0.12025778059447162,0.11561482439894531,0.10559836525054826,0.12479357753570768,0.12923808489638594,NA,85,-72.123489,-35.934552,UChile
13267,0.09616029526487688,0.09701201581761619,0.10386929058389187,0.12425080122794084,0.11681922554216423,0.08735188178246746,135,-72.12460408,-35.9347255,UChile
13268,0.15325031012762047,0.14459192857212666,0.12675987557311602,0.16952056229218038,0.23698911186289218,0.2511914227646773,120,-72.363729,-35.800731,UChile
13269,0.07344928267480912,0.10997949371886467,0.16345385265195717,0.16973775118819795,0.18445927464054768,0.18944791556896268,133,-72.443335,-36.081495,UChile
13270,0.14804799836373683,0.14559123098328303,0.14499730010246295,0.16789544894810554,0.1897950934337979,NA,90,-72.473289,-36.044112,UChile
13271,0.09078167241043987,0.08871497746547226,0.2065131650592188,0.3632838504982658,0.22196308446335483,0.16440123902191303,180,-72.30187099,-36.047945,UChile
13272,0.14936183835278236,0.18024448024818326,0.22324239436888443,0.15794346254690209,0.09059146270943036,0.06491179339642296,120,-72.24315828,-35.92113328,UChile
13273,0.11715133761498453,0.11800762804386887,0.12082308314370291,0.11724209854933111,0.11293323672940102,0.16937286308984276,140,-72.479031,-35.998705,UChile
13274,0.1698409241146649,0.1750798392980368,0.1917866562339245,0.20797811083940668,0.2012336955156681,0.22043244302207624,218,-72.405711,-35.976324,UChile
13275,0.07160509159127917,0.09393251512360665,0.17344396673739726,0.247480023370872,0.23013776988398135,0.20939938350639717,140,-72.469134,-36.042399,UChile
13276,0.09662767313026893,0.09627889922306461,0.09941542155817291,0.18116365324825093,0.20907645994924826,0.15380249991061568,140,-72.209949,-35.975233,UChile
13277,0.08856339482322463,0.08916809553310871,0.09170183752432907,0.11541486588124816,0.11282027704838073,0.04949549691735097,140,-72.387266,-36.06279,UChile
13278,0.08416672138246771,0.08715678437467934,0.09609982054465747,0.094000308073904415,0.09052731885838478,0.10733996332232007,160,-72.326262,-36.037158,UChile
13279,0.09589397365709708,0.09461616670301942,0.08954129240776053,0.08234736835969225,0.09997107391302702,0.1185030458189812,160,-72.301269,-36.043468,UChile
13280,0.08233654344542175,0.07683985321078539,0.10577820400381012,0.15793239137964615,0.16720214165566674,0.12405489994536653,140,-72.402329,-36.069499,UChile
13281,0.08148248353262562,0.11560546031951101,0.19011477993049863,0.1930970400032415,0.17662675052499643,NA,92,-72.38347148,-36.08379021,UChile
13282,0.17808675269025936,0.17927530094446176,0.18230087374124615,0.19672530680126027,0.30434496772360253,NA,90,-71.00292766,-31.78817214,UChile
13283,0.1450971014884614,0.1427841562005705,0.1335503048574403,0.12680185730959365,0.1660600604798816,NA,83,-71.01473349,-31.80689993,UChile
13284,0.13839625212748186,0.14932876608360637,0.1898954470423329,0.23574494777254415,0.20945946685026168,NA,100,-70.91364173,-31.82603371,UChile
13285,0.163429100568692,0.1879994949117031,0.22865879726628754,0.13190783608414927,0.08631951244281005,NA,65,-70.86996636,-31.8383171,UChile
13286,0.21957476347170402,0.21031698170226762,0.1886298651334404,0.2086324508617689,0.22885602482943282,NA,80,-70.87646639,-31.85406658,UChile
13287,0.1460476953620207,0.16338347151142776,0.18677652067835532,0.18359640096174082,NA,NA,60,-71.04051089,-31.75142204,UChile
13288,0.1088998783322756,0.11054618177865655,0.11604172891632,0.09958704040046332,0.07173717492452747,NA,90,-71.05753331,-31.78529975,UChile
13289,0.07080853951898279,0.07225702590072217,0.0784048095776984,0.10208882209019256,0.1009194867900776,NA,86,-70.900669,-31.82296392,UChile
13290,0.23225046822506365,0.2430288444949153,0.2835029116326214,0.3296501635005734,0.3298840213784712,NA,70,-71.1364336,-31.7384108,UChile
13291,0.23020290229291468,0.23447669386490394,0.22321335467878536,0.13435360527267096,0.07538279474798595,NA,75,-70.8707473,-31.83706629,UChile
13292,0.1513235962776721,0.1492280711111473,0.14148357091717703,0.1297005904497788,0.07600558716395399,NA,98,-71.10792482,-31.60134973,UChile
13293,0.27059525759032604,0.28455266967642207,0.3148310084099543,0.2733440644983442,NA,NA,60,-71.22630043,-31.66374995,UChile
13294,0.1746860116481415,0.1702273494207284,0.15247303546424656,0.13534729440828153,0.1522615266433599,NA,80,-71.1849162,-31.63411638,UChile
13295,0.13577008341616234,0.1432545388205986,0.15535391267514664,0.15272065860604,0.14635118665676913,NA,70,-70.82984421,-31.89256129,UChile
13296,0.20202100843726456,0.20664886181142336,0.22147878061671167,0.25203524838007596,0.27090421350273564,NA,75,-70.8422333,-31.8965666,UChile
13297,0.17366598676678885,0.18285153707445934,0.19564992082962712,0.1939619121277639,0.1941176521555013,NA,85,-70.93118344,-31.80834961,UChile
13298,0.18371264610467694,0.18453790324780264,0.18835318294094114,0.2030472422284374,0.21229494973518112,NA,68,-70.84429988,-31.85278374,UChile
13299,0.095,0.095,0.095,NA,NA,NA,30,-70.83701663,-31.85816675,UChile
13300,0.08338866678982282,0.08872143908937927,0.1043199168958057,0.12162131337159755,0.1499660098676624,NA,100,-70.73803365,-31.88199959,UChile
13301,0.2167225014784151,0.21278899319929032,0.1987796291786969,0.1776630452742895,0.1688909451421018,NA,70,-70.63668013,-31.90006075,UChile
13302,0.11787302387498791,0.12507819566281364,0.1491136793472078,0.13797577094379676,0.07046749496094382,NA,100,-70.87831017,-33.74128284,UChile
13303,0.11858859223300972,0.12367657766990292,0.1415594660194175,0.15443325242718445,NA,NA,40,-70.88136292,-33.74267913,UChile
13304,0.11,0.11,0.11,NA,NA,NA,20,-70.88198297,-33.74388703,UChile
13305,0.1597089663966559,0.17460732995278422,0.2274860047432371,0.27407345327940996,0.26943901622624206,NA,100,-70.61602978,-33.71446973,UChile
13306,0.1951596053699499,0.19404177641295572,0.1918864695500591,0.19109767469205746,0.19592637346487007,NA,100,-70.61658914,-33.71552653,UChile
13307,0.2840738364480225,0.29442696616369274,0.3254147051085623,0.32139790583711036,0.2122364510554435,NA,100,-70.6167479,-33.71478498,UChile
13308,0.228099033579222,0.23406474414568254,0.2561795117180188,0.2981319758184529,0.3205022653775,0.31615549168990537,108,-70.6164175,-33.71097471,UChile
13309,0.201552919720044,0.20296283932815823,0.20729708163335478,0.19363193781461946,0.15170676796307633,0.1378211646325449,110,-70.61734922,-33.70944749,UChile
13310,0.28024785194891144,0.2917114413621894,0.31822548871741957,0.3233078636117758,0.3166315622440752,0.3354093426866025,110,-70.61583254,-33.70970181,UChile
13311,0.18553352753325586,0.1982417996840268,0.22940292497101175,0.24891063759816948,0.21711847694760394,0.20197789486477402,110,-70.60824039,-33.71166764,UChile
13312,0.16972366716972923,0.1712297539237332,0.1772424258486328,0.19962357551859888,0.24021810765599763,0.24599890499825025,107,-70.60767238,-33.71071913,UChile
13313,0.12713574530944358,0.13011429643090638,0.14200541137318046,0.18626539482736792,0.26239660451622593,0.2674049203575065,117,-70.60908831,-33.71026782,UChile
13314,0.136,0.136,0.136,NA,NA,NA,20,-71.24598787,-34.60985369,UChile
13316,0.16425334412906836,0.17800197130727782,0.20297129201075237,0.2465180870982976,NA,NA,50,-71.22318211,-34.61947651,UChile
13317,0.1429021244674791,0.13205497500862462,0.1374521994817198,0.19587937148496104,NA,NA,50,-71.22107635,-34.61984846,UChile
13319,0.06892045454545455,0.09116477272727273,NA,NA,NA,NA,10,-71.24999965,-34.59999968,UChile
13320,0.1696543167285768,0.20134947810948067,0.22627787360702162,0.16824177049653813,NA,NA,50,-70.97527535,-34.60779414,UChile
13321,0.17550604053872654,0.19037188544709574,0.20461440428782368,0.17745504113319224,NA,NA,60,-71.41666425,-30.77944442,UChile
13322,0.14177569466195358,0.1251823203978446,0.10773512077881402,0.13256947258745996,NA,NA,60,-71.16666698,-32.86666656,UChile
13323,0.16762262809996173,0.11810363204605016,0.09434518458309898,0.11526961661888434,0.13134708996339864,NA,70,-70.99999958,-33.73333308,UChile
13324,0.26418768314880464,0.2624170530842344,0.25562959858459994,0.28967837091300574,0.37083858031339845,NA,90,-71.25585597,-30.58158584,UChile
13325,0.16086561916091394,0.18243159444975157,0.25890522581304115,0.33097767227757585,NA,NA,60,-71.39601977,-30.69369679,UChile
13326,0.18871395537242489,0.15993810482944198,0.1594802165205771,0.1851044404477424,0.20560248589978794,NA,90,-71.16805592,-34.38000019,UChile
13327,0.19772467301118105,0.19604428918608777,0.18944264553030166,0.17132723375114234,NA,NA,60,-70.74972262,-32.72333291,UChile
13328,0.14971410353930825,0.1571792889422985,0.1579081710271473,0.12154931508600575,NA,NA,60,-70.63483316,-32.77063303,UChile
13329,0.11459344660194175,0.12437803398058253,0.15876820388349513,0.1835254854368932,NA,NA,40,-71.71083318,-34.1283331,UChile
13330,0.09803940160894428,0.1034953615010327,0.11823247069532322,0.1114078483991251,0.07866951976293508,NA,100,-70.69361102,-30.03583377,UChile
13331,0.12086529126213592,0.12706492718446602,0.13859425566343045,0.14428843042071204,NA,NA,40,-71.13333313,-30.65000014,UChile
13332,0.22412179487179487,0.24511698717948718,0.2775881410256411,NA,NA,NA,30,-71.39302255,-30.67992462,UChile
13333,0.2309088733521734,0.23499607543656173,0.24504753744874794,0.24050108139895782,0.2316354368184374,NA,75,-71.2195621,-34.35080976,UChile
13336,0.15384842157985848,0.15385712594432507,0.15389187592649786,0.15343705654353604,0.13660733039609774,NA,100,-71.31264087,-34.41033856,UChile
13339,0.1394871101871102,0.14156559251559253,0.14986340956340957,0.180226796026796,0.22246742896742894,NA,95,-71.15179946,-34.39732573,UChile
13341,0.14533105625420478,0.1459930911349169,0.1486360986044265,0.17680316958201803,0.24269817596473972,NA,85,-71.19050401,-71.19050401,UChile
13344,0.20645645959181644,0.20786210753971213,0.21347380283557477,0.21141061766143798,0.15960674422651452,NA,90,-71.16746085,-34.3799909,UChile
13347,0.2530618824110672,0.25326105484189726,0.25405620059288536,0.25672058218050064,0.2598020421607378,NA,100,-71.18249747,-34.39538427,UChile
13349,0.20161396901397485,0.20125931819066525,0.19984346412861537,0.19326836497246982,0.13584343655520523,NA,95,-71.23839657,-34.36822796,UChile
13352,0.20846387674713174,0.2090732724537088,0.2115061312822916,0.22056203492189005,0.255534557332279,0.2872253497924308,105,-71.26389163,-34.33145848,UChile
13353,0.16956514811990225,0.16723391212530545,0.15168558339592245,0.14174237615245175,0.1302558802980401,NA,90,-71.17582415,-34.40628004,UChile
13354,0.28137845849802373,0.2810597826086957,0.27978754940711464,0.2751279644268775,0.2681501976284585,NA,100,-71.03976002,-34.46015024,UChile
13355,0.1428575413406893,0.13940405490125182,0.12582820927967622,0.10283547612139626,0.10113620588629352,NA,80,-71.32267067,-34.41718864,UChile
13356,0.24290065681444992,0.24391564039408867,0.24796770662287904,0.2621588181249511,0.2752088318085855,NA,80,-71.31992116,-34.34225857,UChile
13360,0.15102345987073548,0.1390407203632496,0.1300877812321034,0.17817977140091085,0.20384668759715288,NA,65,-70.96531127,-34.49987886,UChile
13361,0.075459721,0.075459721,NA,NA,NA,NA,10,-71.27318617,-30.26458119,UChile
13362,0.074124464,0.074124464,NA,NA,NA,NA,10,-71.24713571,-30.26903342,UChile
13363,0.098317064,0.098317064,NA,NA,NA,NA,10,-71.30350192,-30.28107651,UChile
13364,0.080849403,0.080849403,NA,NA,NA,NA,10,-71.28934527,-30.2764474,UChile
13365,0.069583363,0.069583363,NA,NA,NA,NA,10,-71.28232048,-30.2944213,UChile
13366,0.087141818,0.087141818,NA,NA,NA,NA,10,-71.23653019,-30.25542278,UChile
13367,0.094600196,0.094600196,NA,NA,NA,NA,10,-71.230334010000007,-30.27095927,UChile
13368,0.065733226,0.065733226,NA,NA,NA,NA,10,-71.23845406,-30.29924696,UChile
13369,0.087941821,0.087941821,NA,NA,NA,NA,10,-71.28396856,-30.28464969,UChile
13370,0.079647467,0.079647467,NA,NA,NA,NA,10,-71.29151603,-30.28855782,UChile
13371,0.084662572,0.084662572,NA,NA,NA,NA,10,-71.27379676,-30.24992921,UChile
13372,0.092302475,0.092302475,NA,NA,NA,NA,10,-71.28923395,-30.26992326,UChile
13373,0.08673004,0.08673004,NA,NA,NA,NA,10,-71.30107284,-30.29815896,UChile
13374,0.093964244,0.093964244,NA,NA,NA,NA,10,-71.28987297,-30.257783710000002,UChile
13375,0.090664182,0.090664182,NA,NA,NA,NA,10,-71.31259733,-30.26955361,UChile
13376,0.057384394,0.057384394,NA,NA,NA,NA,10,-71.27945126,-30.25145935,UChile
13377,0.099410425,0.099410425,NA,NA,NA,NA,10,-71.25326618,-30.2933066,UChile
13378,0.097355864,0.097355864,NA,NA,NA,NA,10,-71.255982650000007,-30.28838835,UChile
13379,0.093114753,0.093114753,NA,NA,NA,NA,10,-71.24863913,-30.25359007,UChile
13381,0.08159648,0.08159648,NA,NA,NA,NA,10,-71.26522406,-30.28334861,UChile
13382,0.09687083,0.09687083,NA,NA,NA,NA,10,-71.23641481,-30.29116199,UChile
13383,0.080025788,0.080025788,NA,NA,NA,NA,10,-71.29001579,-30.26343945,UChile
13384,0.098602943,0.098602943,NA,NA,NA,NA,10,-71.28755253,-30.2789182,UChile
13385,0.136219622,0.136219622,NA,NA,NA,NA,10,-71.27613217,-30.2709815,UChile
13386,0.07952908,0.07952908,NA,NA,NA,NA,10,-71.24628016,-30.27232733,UChile
13387,0.079246156,0.079246156,NA,NA,NA,NA,10,-71.25244529,-30.25676859,UChile
13389,0.017264542516056525,0.0861835305479954,0.3207340651153848,0.359788963271469,NA,NA,60,-72.62721551,-36.2226805,UChile
13390,0.2033764592082575,0.20106102689809727,0.19313536916542004,0.19093682858603148,NA,NA,60,-72.47147441,-35.98821631,UChile
13391,0.21001601298943182,0.2080517707263147,0.20203298576689918,0.21386921156813135,NA,NA,60,-72.57206871,-36.09909782,UChile
13392,0.40393366047235385,0.3659998069909819,0.23450620182284623,0.16646548310936726,NA,NA,60,-72.50376277,-36.26159468,UChile
13393,0.14333788744495118,0.13716275541777068,0.11863508077840461,0.16350567042004854,NA,NA,60,-72.46386147,-36.13978128,UChile
13394,0.1892546021761204,0.16464853208005145,0.07976623378574046,0.043640583024487825,NA,NA,60,-72.37395896,-35.98222486,UChile
13395,0.13389840215569296,0.1232798683333033,0.087661857212379,0.09175045169237807,NA,NA,60,-72.41705078,-36.07273519,UChile
13396,0.1663251473477407,0.16600834970530454,0.16481925343811393,0.16248282636677733,NA,NA,60,-72.47152221,-35.99385569,UChile
13397,0.0773832738535114,0.09649624721376086,0.16217311482008856,0.18525366346809835,NA,NA,60,-72.39502164,-35.99690372,UChile
13398,0.14151745792854012,0.13809032746946406,0.12811118971659968,0.158914605072421,NA,NA,60,-72.35920363,-36.15851707,UChile
13399,0.1751369387718318,0.16623463437933708,0.13688186496278004,0.1501944851887785,NA,NA,60,-72.50184719,-36.26155173,UChile
13400,0.144297409623715,0.14205899692387183,0.13601188094422714,0.1652820351463388,NA,NA,60,-72.53486799,-36.15807679,UChile
13401,0.1614963591139309,0.16685866783223086,0.18469015969430977,0.17960364607579232,NA,NA,60,-72.56479751,-36.12464291,UChile
13402,0.16300378057352968,0.16202577684252267,0.15923787873326004,0.1691919997153421,NA,NA,60,-72.55291192,-36.11598603,UChile
13403,0.1458291607337046,0.15184153433908304,0.17293719621732362,0.18866756906734355,NA,NA,60,-72.66764417,-36.16667459,UChile
13404,0.1797138389719003,0.17609537048719381,0.1637497296371731,0.16109686680559795,NA,NA,60,-72.46826371,-36.00400611,UChile
13405,0.15064291979836944,0.15781107195856842,0.18106680064646757,0.16297584769104967,NA,NA,60,-72.57095513,-36.09755423,UChile
13406,0.1448005428284758,0.1420719172629669,0.13230100094326586,0.12133275687006446,NA,NA,60,-72.3958723,-36.15233641,UChile
13407,0.11912965699969356,0.12095197004379876,0.12726218435139958,0.1304017773403632,NA,NA,60,-72.39489192,-36.15176051,UChile
13408,0.2638898571883468,0.2503566881755316,0.20515260329362003,0.2140681423608414,NA,NA,60,-72.57349511,-36.09700988,UChile
13409,0.08515201900951075,0.09182414550326538,0.11557278768106802,0.13960233782011325,NA,NA,60,-72.38386333,-36.15547913,UChile
13410,0.1237226633141676,0.13178743999447257,0.15911506041107165,0.16137046771940358,NA,NA,60,-72.5052011,-36.09445227,UChile
13411,0.2141893275776091,0.2110819011613585,0.20018350276070485,0.19214389450297475,NA,NA,60,-72.29395092,-35.48264103,UChile
13412,0.14069572316048137,0.14586378745276163,0.16343713313266406,0.16607379201163827,NA,NA,60,-72.10407619,-35.52360292,UChile
13413,0.19865398214403732,0.19411951313662937,0.17892435999110803,0.18096055525480714,NA,NA,60,-72.2928166,-35.43297163,UChile
13414,0.1478390109526985,0.15091882656525055,0.16259661565821332,0.18759962611203548,NA,NA,60,-72.29453095,-35.47526251,UChile
13415,0.10901619923937925,0.11289769695931941,0.1269370370036589,0.14526340595631063,NA,NA,60,-72.30151393,-35.44991047,UChile
13416,0.17795449029126215,0.17423634708737865,0.16116808252427187,0.15176031553398062,NA,NA,40,-72.27219155,-35.44245474,UChile
13417,0.082,0.082,0.082,NA,NA,NA,20,-72.32118153,-35.44343165,UChile
13418,0.1718456919185547,0.16615011595561244,0.14624355034456243,0.1328496045658792,NA,NA,60,-72.06295333,-35.52411445,UChile
13419,0.15707259692507347,0.15213026306303062,0.13764119698635569,0.18015915560406207,NA,NA,60,-72.24607803,-35.49003173,UChile
13420,0.19414002541410572,0.18328607316018097,0.14519497215262883,0.11664665831545937,NA,NA,60,-72.22736403,-35.43732715,UChile
13421,0.1287105582524272,0.13086316747572815,0.13842900485436896,0.14387560679611655,NA,NA,40,-72.27380054,-35.46584206,UChile
13422,0.15561121525086669,0.15599001610160837,0.157117498182561,0.15418886236708973,NA,NA,60,-72.30312136,-35.4399354,UChile
13423,0.19537627295831003,0.18721510066509253,0.15923131792866027,0.1505426341978522,NA,NA,60,-72.10818393,-35.59341432,UChile
13424,0.13428755940472117,0.13498170469770435,0.13835246150333746,0.15834997810164692,NA,NA,60,-72.14668385,-35.60842885,UChile
13425,0.13567503890220672,0.14183757652770015,0.1630847977986458,0.171911368021402,NA,NA,60,-72.16556088,-35.60298629,UChile
13426,0.126822904838293,0.1289440927224335,0.13661160427293426,0.14653331734981448,NA,NA,60,-72.21925712,-35.47953103,UChile
13427,0.22332546877910153,0.2122908353009739,0.17693592250800572,0.2134342641790801,NA,NA,60,-72.1590238,-35.57088564,UChile
13428,0.36955602810279803,0.21163615840565309,0.1637958624661467,0.20896099956645334,0.2591293535592283,NA,90,-70.90522949,-35.12526306,UChile
13429,0.3024742189774818,0.22366605559793964,0.21041714187596353,0.23148382323074052,0.19887523612034366,NA,100,-70.93139894,-35.11768487,UChile
13430,0.3331594149515052,0.2060587787106671,0.1942091613176441,0.1896060457371319,0.14566495403892862,NA,100,-70.91597691,-35.11609202,UChile
13431,0.23373091113382702,0.2179765330449693,0.2113772471204467,0.22601611114835332,0.2203936985355188,NA,70,-70.91812566,-35.11427603,UChile
13432,0.4132602594739527,0.2097865329259526,0.21664847196344025,0.3229679786589151,0.32182454020710993,0.3424750952036801,124,-70.92690453,-35.11414254,UChile
13433,0.082,0.082,0.082,NA,NA,NA,20,-70.95133653,-34.21797012,UChile
13434,0.074,0.074,0.074,NA,NA,NA,20,-70.97358324,-34.21863019,UChile
13435,0.161,0.161,0.161,NA,NA,NA,20,-70.94371205,-34.22493759,UChile
13436,0.144,0.144,0.144,NA,NA,NA,20,-71.66263655,-34.17985832,UChile
13437,0.092,0.092,0.092,NA,NA,NA,20,-71.65505028,-34.19294498,UChile
13438,0.103,0.103,0.103,NA,NA,NA,20,-71.62997691,-34.24985036,UChile
13439,0.059,0.059,0.059,NA,NA,NA,20,-71.63189382,-34.24795841,UChile
13440,0.16,0.16,0.16,NA,NA,NA,20,-71.6619024,-34.17644764,UChile
13441,0.122,0.122,0.122,NA,NA,NA,20,-71.19621342,-34.70977398,UChile
13442,0.159,0.159,0.159,NA,NA,NA,20,-71.19896937,-34.71127311,UChile
13443,0.136,0.136,0.136,NA,NA,NA,20,-71.16143062,-34.62033075,UChile
13444,0.213,0.213,0.213,NA,NA,NA,20,-71.19621331,-34.66829793,UChile
13445,0.0632634056966041,0.06698725237527577,0.0782681788069649,0.09505851416767112,0.07655390140487102,NA,90,-71.92218076,-34.6970972,UChile
13446,0.09679737087367996,0.10089207749977727,0.11433210323252675,0.1139113284119849,NA,NA,60,-71.77003642,-34.29123906,UChile
13447,0.10342900326970224,0.11815986987008163,0.16658980676831933,0.17098819864543285,NA,NA,60,-70.97674766,-34.71858363,UChile
13448,0.14701419191702272,0.14894900492838273,0.15799436117135887,0.2025796463774162,0.22824711398936698,NA,70,-70.97637786,-34.56374689,UChile
13449,0.19493455473521104,0.19853062619633582,0.2128870355178805,0.2392652599276881,0.22624646796098805,NA,90,-71.03406689,-34.79319487,UChile
13450,0.09128446851538158,0.10340732911367709,0.12985009939617168,0.08737623213821913,0.035045103491890925,NA,70,-71.72030298,-34.360994,UChile
13451,0.1259349326555,0.11701426467052031,0.10718390273764968,0.12382404662927887,0.06561690890256448,NA,80,-71.77296438,-34.28336973,UChile
13452,0.055493097089990374,0.057484801865906876,0.06568165945406913,0.06241130964060248,NA,NA,60,-71.72538063,-34.35841365,UChile
13453,0.13828787878787877,0.1417781385281385,0.1542121212121212,0.16526839826839826,NA,NA,45,-70.99282222,-34.73379748,UChile
13454,0.2535055048875591,0.259833222935179,0.28317215953810004,0.32182868480190074,NA,NA,60,-71.32426737,-34.64042825,UChile
13455,0.224338936687401,0.22517797858416133,0.24035700926191594,0.24858625897583145,0.20402755134176487,NA,85,-70.58171137,-32.74996915,UChile
13456,0.17257068029635947,0.16997179504377036,0.16295214386516826,0.19302737116963486,0.18661990448434776,NA,80,-70.59799988,-32.73013922,UChile
13457,0.09657056805303275,0.0828770977908186,0.039901736260543455,0.014701174554026935,0.0995048889841874,NA,90,-71.44345086,-32.34841074,UChile
13458,0.046724770498676474,0.0571313371349838,0.09374371124371125,0.06515298825903532,NA,NA,60,-71.35133633,-32.26872906,UChile
13459,0.11344161967221932,0.1100744521127696,0.10330053170146525,0.11822376074360015,0.18464575672806063,NA,90,-71.38611098,-32.33039098,UChile
13472,0.08777720194057342,0.07583589394381024,0.06858568467502146,0.11015319992122836,0.13972906155564396,NA,90,-70.51251074,-33.73734694,UChile
13473,0.10389201449449595,0.10414155522904855,0.10198132074390978,0.08010103270531951,0.06487906912874197,NA,70,-70.51991151,-33.72904417,UChile
13474,0.1410566597317211,0.14338332530232697,0.14307912566426542,0.2007362648626519,0.22325561876341324,NA,92,-70.52329996,-33.73176105,UChile
13475,0.09508107092474796,0.07793968477889793,0.05503949573812547,0.10232345504971774,0.11710698440450538,NA,97,-71.40604674,-33.18008075,UChile
13476,0.08831657225217703,0.0912282957668683,0.10029234014424931,0.11864167562700989,0.11958175103910394,NA,90,-71.40312246,-33.19024161,UChile
13477,0.05501729234682887,0.05492586974445236,0.062112924048325364,0.06737661371180245,0.09376580473180858,NA,92,-71.45584454,-33.16652493,UChile
13478,0.05820211651644436,0.05132604220027188,0.053828735714714374,0.06938780318326618,0.0858920879603311,NA,90,-71.44094701,-33.17206941,UChile
13484,0.196,0.196,NA,NA,NA,NA,10,-70.32416619,-33.56694468,UChile
13485,0.2054,0.2054,NA,NA,NA,NA,10,-70.21666703,-33.49416698,UChile
13486,0.07364,0.07364,NA,NA,NA,NA,10,-70.12027729,-33.7033335,UChile
13487,0.00271,0.00271,NA,NA,NA,NA,10,-69.97944462,-33.61083301,UChile
13499,0.141686183,0.141686183,0.141686183,NA,NA,NA,19,-72.29736313,-35.47501386,UChile
13501,0.148494289,0.148494289,NA,NA,NA,NA,10,-72.29911532,-35.46667504,UChile
13503,0.217054264,0.217054264,NA,NA,NA,NA,14,-72.2946637,-35.47878251,UChile
13504,0.199266504,0.199266504,NA,NA,NA,NA,8,-72.29298208,-35.47807146,UChile
13505,0.120805369,0.120805369,NA,NA,NA,NA,12,-72.28794985,-35.4770553,UChile
13506,0.132502831,0.132502831,NA,NA,NA,NA,14,-72.29659934,-35.47115065,UChile
13507,0.196061644,0.196061644,0.196061644,NA,NA,NA,20,-72.29022915,-35.47216276,UChile
13508,0.132639792,0.132639792,NA,NA,NA,NA,12,-72.29329322,-35.47408874,UChile
13509,0.21875,0.21875,0.21875,NA,NA,NA,20,-72.29485817,-35.47545183,UChile
13510,0.122544434,0.122544434,0.122544434,0.122544434,NA,NA,33,-72.2970555,-35.4761127,UChile
13511,0.280291971,0.280291971,0.280291971,0.280291971,NA,NA,35,-72.30009024,-35.46923475,UChile
13512,0.224089636,0.224089636,0.224089636,NA,NA,NA,30,-72.29098322,-35.47039388,UChile
13514,0.232323232,0.232323232,0.232323232,NA,NA,NA,17,-72.29353842,-35.47631698,UChile
13516,0.116094987,0.116094987,NA,NA,NA,NA,6,-72.29936881,-35.47206619,UChile
13520,0.177310293,0.177310293,NA,NA,NA,NA,15,-72.28718981,-35.46867697,UChile
13521,0.137681159,0.137681159,NA,NA,NA,NA,9,-72.2925467,-35.47334313,UChile
13523,0.1648222402562706,0.13518517530515603,0.08217506948901122,0.18569810973025558,0.2689180824449988,NA,100,-72.19353473,-36.01263195,UChile
13524,0.12069472217754365,0.13554108252241745,0.18844823417565182,0.19910443575127318,0.15104115833634918,NA,80,-72.40665325,-35.84331344,UChile
13525,0.1903677906201768,0.16771477436158272,0.14160594453019038,0.2216919515433457,0.2576714417731501,NA,62,-72.40604725,-35.84186724,UChile
13526,0.3099409325896352,0.2540231398680444,0.14213648994012743,0.17421757039795208,0.2071177333023039,NA,75,-72.13717224,-36.01450439,UChile
13527,0.11567535285317161,0.1439116302446501,0.15139507493653126,0.10748822184357083,0.061223635592600405,0.05762606711527115,136,-70.28047991,-33.32131987,UChile
13528,0.22431186221220967,0.2267141679800736,0.2642623456397798,0.24776620540502495,0.2594136139245007,0.33562940338584324,160,-70.25492984,-33.27487984,UChile
13529,0.10151638383262761,0.13471004141714146,0.14066231031475276,0.13681445770170705,0.13994264014785548,NA,95,-70.26597956,-33.30641031,UChile
13530,0.11316415133579122,0.11518859203841082,0.10398508162479275,0.17048143831355916,0.1766824073293082,NA,89,-70.23884027,-33.2815801,UChile
13537,0.22619285996809887,0.21659065044838285,0.27806397865116894,0.5047131288956651,0.3166522391714999,NA,100,-70.33295222,-33.39252125,UChile
13538,0.17997238794668896,0.17358674048130449,0.17789914797538794,0.20520279465695618,0.17683490353799877,0.15320052934190648,120,-70.33044144,-33.39285483,UChile
13539,0.11580787604708553,0.12689499723445183,0.1452188250817859,0.12828121013534705,0.09564872766367487,NA,80,-70.32958326,-33.39015838,UChile
13540,0.09820400256071309,0.10767540711445342,0.1373216901844333,0.20726421200086503,0.25858760015949206,NA,80,-70.33889268,-33.38657701,UChile
13541,0.17433623785550942,0.16683867186723003,0.13986513900484474,0.10907956111528333,0.14636854744323194,0.21639242308285325,300,-70.34227846,-33.38792933,UChile
13542,0.13819684611351524,0.13776811973534872,0.13605653768297854,0.1302717615071465,0.13416034698056467,0.15684402087525232,170,-70.35048017,-33.38923826,UChile
13543,0.16885693758433934,0.16885693758433934,0.164689839932137,0.13588649462185934,0.12099872994468658,0.16451646374020296,132,-70.13680209,-33.66768694,UChile
13544,0.04376544702016329,0.04376544702016329,0.04409588742132701,0.08838992119550085,0.17058342587569852,0.15781557584917932,150,-70.1368509,-33.66720742,UChile
13547,0.20639992799976548,0.2064177478155024,0.20619629083066215,0.1523606939973877,0.21248585731158048,NA,80,-70.14053037,-33.66007037,UChile
13548,0.06517128721400238,0.07554209541695098,0.10630762910367424,0.1531210791148312,0.15426399412644312,0.14880578847150944,105,-70.96434344,-33.87439861,UChile
13549,0.09388447041056215,0.08882811160466397,0.08372013849203477,0.10940162991518777,0.11636243516101247,NA,100,-70.95984366,-33.87428092,UChile
13550,0.14248494154676658,0.13070813260402278,0.12505377830888992,0.12959375905475043,NA,NA,45,-70.94848195,-33.8738029,UChile
13551,0.1642296099728877,0.13230244645465078,0.0643427997389316,0.06477958144672764,0.0751141017234739,0.09348181219633855,120,-70.92965501,-33.87256632,UChile
13552,0.1523215623821635,0.1626663551101947,0.18351484640132212,0.1997703882287814,NA,NA,50,-70.70416639,-28.61722252,UChile
13553,0.2700719756676103,0.2676346265277304,0.25790412414758956,0.2262562003245082,0.17202105158189093,NA,90,-70.27472173,-28.92166627,UChile
13554,0.2607075471698113,0.29329481132075474,0.31089386792452833,NA,NA,NA,20,-70.00333296,-27.95250034,UChile
13555,0.1742808621422783,0.19659596908771448,0.22268060179873714,0.20544806366984103,NA,NA,50,-70.26388868,-27.547222090000002,UChile
13556,0.14260428919412335,0.1529364842379337,0.16238753036382342,0.1221492091514695,NA,NA,60,-70.11499979,-27.83138857,UChile
13558,0.4017214595278473,0.3740644229992732,0.26365067251698115,0.09287330973467212,0.15064599316266925,NA,80,-70.58333315,-27.3166667,UChile
13559,0.24360389243317454,0.23741415650488576,0.21270319524078712,0.2077191445260976,0.2907421464911572,NA,80,-70.56666623,-27.3333337,UChile
13560,0.1421735609269873,0.13575784948916023,0.11014473793504445,0.0932387241465238,NA,NA,60,-70.44999971,-27.30000029,UChile
13562,0.056107055036016575,0.060276530451003604,0.03770731209934519,0.0192536548630578,0.015571146884212468,0.012368940969636394,104,-72.25779352,-35.14896091,UChile
13564,0.232,0.232,0.232,NA,NA,NA,20,-70.66166661,-33.14805545,UChile
13565,0.276,0.276,0.276,NA,NA,NA,20,-70.79388876,-33.14749968,UChile
13566,0.2970919811320755,0.30187146226415096,0.3060813679245282,NA,NA,NA,20,-70.81222266,-33.27861119,UChile
13567,0.15,0.15,0.15,NA,NA,NA,20,-70.82556191,-33.50333369,UChile
13568,0.166,0.166,0.166,NA,NA,NA,20,-70.82555545,-33.50333378,UChile
13569,0.089329564,0.089329564,NA,NA,NA,NA,10,-69.70574416,-18.72767628,UChile
13570,0.100238179,0.100238179,NA,NA,NA,NA,10,-69.66933838,-18.72257724,UChile
13571,0.085725316,0.085725316,NA,NA,NA,NA,10,-69.6399534,-18.71244946,UChile
13572,0.12764104,0.12764104,NA,NA,NA,NA,10,-69.82359826,-18.46560062,UChile
13573,0.097252537,0.097252537,NA,NA,NA,NA,10,-69.83138604,-18.4701486,UChile
13574,0.159462867,0.159462867,NA,NA,NA,NA,10,-69.8570038,-18.47953277,UChile
13575,0.076768796,0.076768796,NA,NA,NA,NA,10,-69.3570538,-19.79925874,UChile
13576,0.075760337,0.075760337,NA,NA,NA,NA,10,-69.27167839,-19.76498764,UChile
13577,0.090232063,0.090232063,NA,NA,NA,NA,10,-69.20803515,-19.69653697,UChile
13620,0.03745501594544812,0.03259181716148931,0.025932951115727583,0.023475779152748146,0.02592095897997221,0.02743504985518746,275,-71.500084,-31.81286,WoSIS
13640,0.18657750044476928,0.18415838153437566,0.16931952999403865,0.18580544167746477,0.17632872542017333,0.19847803742651965,133,-71.28054559,-32.22325908,UChile
13641,0.11305812460303491,0.10606062197490215,0.09412621064065899,0.12802413943296728,0.127921605636957,0.26815259395808355,125,-71.05070502,-32.14589264,UChile
13642,0.17780148477774266,0.17857592391494317,0.18125022695622214,0.16799487381192313,0.16294758573873175,0.17268807566306751,115,-71.273033,-32.228237,UChile
13643,0.15424546827794566,0.1526577794561934,0.14118074018126892,0.12345921450151061,NA,NA,54,-70.34880724,-33.38949367,UChile
13644,0.20702830471967468,0.2023669462483623,0.14363589760901974,0.1336387773599987,0.1848121485380935,0.15388388380286375,145,-70.37441613,-33.40174896,UChile
13646,0.2806428350419963,0.27670898930497767,0.21633587668248874,0.12122852466472152,0.11822272473885145,0.17472607593304493,200,-71.50147872,-39.34115185,UChile
13647,0.234701925,0.234701925,0.234701925,NA,NA,NA,21,-71.5007962,-39.34218456,UChile
13648,0.19136272953581743,0.19136272953581743,0.1891550101569191,0.11004462644178066,0.12758647696199168,0.19444486745007838,201,-71.5007962,-39.34218456,UChile
13649,0.298839462393878,0.2871304723807115,0.24038527969248868,0.1775318694404835,0.1915383900726005,0.16922062009271208,200,-71.49998635,-39.34159836,UChile
13650,0.306734184709784,0.294279219930003,0.24455591092545098,0.14102310002898366,0.12738903859826492,0.15436387786630076,200,-71.49784158,-39.34359942,UChile
13651,0.21164073546189693,0.20782842924872316,0.19260875715737052,0.13535848602391148,0.040637964782031605,0.180850473633236,215,-71.49748832,-39.34345385,UChile
13652,0.3013869915656084,0.2915703848754029,0.20890926962228376,0.05514022173948567,0.08407859128329642,0.20088842220729833,200,-71.4980813,-39.3428375,UChile
13653,0.2934121816455328,0.2821314735190829,0.23791766652841564,0.16323931837776526,0.14939594642488951,0.18287029456152482,295,-71.49581572,-39.34633663,UChile
13654,0.2792184721289489,0.2643351736605836,0.20939569796524793,0.1417499173395286,0.1362838460835825,0.2007593167979981,140,-71.48011214,-39.35965469,UChile
13655,0.14277648808878188,0.14290107502270863,0.14702754528882833,0.15048446620339453,0.11156895093115089,0.127500295100267,140,-71.47944936,-39.35929044,UChile
13656,0.19043934109250207,0.18888679137502445,0.18014748209020873,0.1441694961053657,0.12643961540333606,0.1296032327950568,328,-71.48562556,-39.35575316,UChile
13657,0.21189139005981777,0.2041598002766987,0.17329337594874267,0.11594763976195266,0.14158195251016462,0.18290312366898667,200,-71.49704979,-39.34482364,UChile
13659,0.1793263086618702,0.17652024969801397,0.17512180628767832,0.1811055234812468,0.1865070020344905,NA,92,-71.11032466,-35.37303667,UChile
13660,0.014990511881370855,0.056170368655126424,0.19236711901241582,0.19071132998594995,0.19783941145859502,0.2502791066823126,120,-71.04151732,-35.44308494,UChile
13661,0.07214984965937575,0.08925087919064864,0.15233027605269933,0.23676922973090297,NA,NA,49,-70.90852089,-35.5014878,UChile
13662,0.10659278733066141,0.10677901845974275,0.10750633041967433,0.10928270315955943,0.11172438299895718,0.11321706090239474,140,-70.93480191,-35.50465695,UChile
13663,0.1845134999069002,0.18291506252386483,0.17520156000354992,0.19826119841339174,0.29597131244467034,0.2651193611409766,145,-70.96432868,-35.4889173,UChile
13664,0.1046068705973478,0.10519458918999146,0.11847100150073675,0.16207366059878486,0.1780864325371291,0.1988211430897774,150,-72.38627249,-35.87128927,UChile
13665,0.1688567901749245,0.16342627983996263,0.1697669637197742,0.20147463569758672,0.2121121403087955,0.1695146034389373,160,-72.40271075,-35.86775233,UChile
13666,0.11431708654536148,0.14469813224081957,0.2102127690334578,0.23463222284732346,0.21188770206767538,0.16005527160064734,220,-72.39110886,-35.91291091,UChile
13667,0.2284628325791009,0.22107452458310117,0.17562439594827992,0.1416944897159167,0.14903915663577338,0.13794286487295251,180,-72.40721997,-35.82254197,UChile
13668,0.05235858638394901,0.044816803906230496,0.023332978763644843,0.007505552708087312,0.03005806763617602,NA,90,-70.39583332,-23.10500012,UChile
13669,0.13677777027365054,0.10085758292060637,0.015901692597595343,0.004143090887488115,0.013295715768672766,NA,90,-70.37388843,-23.11722267,UChile
13670,0.0273,0.0273,0.0273,0.0273,0.0273,NA,90,-70.37611131,-23.12416658,UChile
13673,0.18733834212686326,0.18537524939018393,0.17674114492313825,0.14690487847429895,0.20599214996935128,NA,80,-70.56873054,-27.33684167,UChile
13674,0.08154930107415997,0.0874181990889451,0.09597074229291218,0.08706201243978733,0.07168877098920072,NA,80,-70.53897779,-27.31936671,UChile
13675,0.09023745731750847,0.08595350752159472,0.08638354780660162,0.07518342064094231,0.0046969267891218865,NA,80,-70.454,-27.29805,UChile
13680,0.2686243932038835,0.26803731796116503,0.26597390776699037,0.2644884708737865,NA,NA,40,-73.08333313,-38.98333365,UChile
13681,0.3386456310679612,0.3182936893203883,0.24676213592233015,0.1952669902912622,NA,NA,40,-73.14999996,-38.99999977,UChile
13682,0.23602670283520483,0.2106683594383663,0.1260824426380202,0.14506553035553024,NA,NA,60,-71.26666645,-30.90000012,UChile
13683,0.1879136690647482,0.19178057553956837,0.2042446043165468,0.22568779459191274,NA,NA,60,-70.72222204,-30.09027739,UChile
13684,0.2914424460431655,0.28506205035971227,0.2644964028776978,0.22911513892334412,NA,NA,60,-73.18861107,-40.66722216,UChile
13685,0.2593741007194245,0.26053417266187057,0.26427338129496397,0.2707063383775738,NA,NA,60,-72.35916616,-39.2691663,UChile
13686,0.266616504854369,0.25435315533980585,0.2204834951456311,0.20159223300970874,NA,NA,40,-71.31500003,-35.61249969,UChile
13687,0.1962961165048544,0.19760072815533983,0.20120388349514567,0.20321359223300975,NA,NA,40,-71.31638937,-35.60777751,UChile
13688,0.24684466019417478,0.24527912621359224,0.24095533980582529,0.23854368932038839,NA,NA,40,-73.16472223,-40.67111102,UChile
13689,0.2290242718446602,0.21415169902912623,0.1730757281553398,0.15016504854368934,NA,NA,40,-73.16555496,-40.67055586,UChile
13690,0.24163106796116507,0.23119417475728157,0.202368932038835,0.18629126213592237,NA,NA,40,-72.42888885,-39.54388884,UChile
13691,0.2244223300970874,0.22363956310679614,0.22147766990291265,0.22027184466019423,NA,NA,40,-72.42222254,-39.54027812,UChile
13724,0.13104317833418497,0.12465744762391415,0.10298085018371171,0.0882528895053167,NA,NA,40,-72.0454828,-47.68610862,Otros
13725,0.21182837288802148,0.15988168045924048,0.09851812294029637,0.10803419958440787,0.14382400668159562,NA,71,-72.753559,-47.27948696,Otros
13757,0.05843762,0.05843762,0.05843762,NA,NA,NA,20,-70.54872242,-26.10941696,UChile
13758,0.031791041820512816,0.06670472643589744,0.1631175325897436,NA,NA,NA,30,-70.54913864,-26.11019429,UChile
13759,0.034004369,0.034004369,0.034004369,NA,NA,NA,30,-70.78897191,-26.95608367,UChile
13760,0.08641854235239368,0.08739245559069905,0.09120980383776131,0.09619822259401647,0.08576405384809337,0.0761865126596357,110,-70.49736115,-27.78986102,UChile
13761,0.07643554553365811,0.0800116774406033,0.09428848311561701,0.11937536917562866,0.08820116933494819,0.09157956730957648,120,-70.82486159,-28.86461071,UChile
13762,0.08327977034929974,0.08522481817362249,0.09430368897363961,0.14321802506089287,NA,NA,60,-70.16919434,-29.75291673,UChile
13763,0.04140300319279507,0.042534814114044535,0.04641146077373493,0.05532845058977291,0.07328475341031887,0.016741872164960467,130,-71.10969448,-29.7521669,UChile
13764,0.173616670256389,0.1766696738757792,0.2536361422449655,0.5143664789674677,0.44793953774169654,0.34896276531850123,160,-70.3278556,-33.41369799,UChile
13910,0.11177813846578656,0.12751164368051626,0.16767184644821354,0.1957715025506273,0.20171304547146074,NA,62,-70.8213056,-32.0758056,UChile
13911,0.1971642566216287,0.1268445069075495,0.08814264198938015,0.09034069609875926,0.09183888923192786,NA,75,-70.7059167,-32.225972,UChile
13912,0.282900412,0.282900412,0.282900412,0.282900412,0.282900412,NA,70,-72.644606,-42.933248,UChile
13913,0.103771139,0.103771139,0.103771139,0.103771139,0.103771139,NA,70,-71.958708,-43.117888,UChile
13914,0.101900977,0.101900977,0.101900977,0.101900977,0.101900977,NA,70,-72.048847,-43.332211,UChile
13915,0.222282795,0.222282795,0.222282795,0.222282795,0.222282795,NA,70,-71.98314,-43.275336,UChile
13916,0.047092139,0.047092139,0.047092139,0.047092139,0.047092139,NA,70,-71.941421,-43.606002,UChile
13917,0.027330141,0.027330141,0.027330141,0.027330141,0.027330141,NA,70,-71.883738,-43.596286,UChile
13918,0.042188978,0.042188978,0.042188978,0.042188978,0.042188978,NA,70,-72.113058,-43.589734,UChile
13919,0.120357314,0.120357314,0.120357314,0.120357314,0.120357314,NA,70,-72.164201,-43.658029,UChile
13920,0.034786534,0.034786534,0.034786534,0.034786534,0.034786534,NA,70,-72.450669,-42.866309,UChile
13921,0.023316163,0.023316163,0.023316163,0.023316163,0.023316163,NA,70,-72.401393,-42.848333,UChile
13922,0.2939334328599522,0.27149868549780065,0.20183855317335384,0.12215470377551392,0.1603431906529765,0.15433165451212694,270,-72.08072222,-37.44336111,UChile
13923,0.2141892987788689,0.20683163811921118,0.18374245652315863,0.13824064495283642,0.10761258969823276,0.08820698680037373,200,-72.20563889,-40.77466667,UChile
13924,0.21533063616594098,0.22304542585223225,0.25345536374422567,0.33394285170686505,0.3825501434440403,0.42824737377674443,160,-72.40536111,-40.71647222,UChile
13925,0.23230718794117816,0.23502800210083832,0.2533457373450491,0.3688582432442402,0.5240600563483904,0.49710688100670924,140,-72.76033333,-40.62438889,UChile
13926,0.4440198782161105,0.44685633050749207,0.45609955867813756,0.4604237779461832,0.4468976272759217,0.46060106277555424,160,-72.91622222,-40.80141667,UChile
13927,0.12688489536986655,0.14157001057857513,0.15185114091554083,0.13132928054714976,0.16156408260106225,0.23342515265430497,205,-71.7867945,-39.4368421,UChile
13928,0.21029538303438783,0.14012936425256994,0.03286382735240924,0.06526086712160434,0.22242707109118565,0.1714971910120852,130,-71.5408544,-39.4092625,UChile
13929,0.17276297630587392,0.18172546644680085,0.214793077586094,0.270643506846848,0.17797778643268677,0.24612977670785854,210,-71.4067299,-39.327826,UChile
13930,0.23680211140721483,0.2377164990383105,0.23987548509914638,0.22680780011517973,0.26058821775727814,0.2916765286508468,205,-71.5629679,-39.281371300000004,UChile
13931,0.23971707981809667,0.253352438254975,0.23881140324818087,0.13507594625940625,0.05815736334596638,0.0605995828712144,125,-71.4705021,-39.0239003,UChile
13932,0.07895782397189047,0.10394634844590062,0.15852066944649462,0.16820313782339147,0.18833330237906,0.11638158556664735,210,-72.40443,-35.82021,UChile
13933,0.21694209359533273,0.2090861836591579,0.18799873628745628,0.23238249543088857,0.27500447537028666,NA,70,-72.40233333,-35.82833333,UChile
13934,0.17528757657137733,0.17343732909275608,0.16734049127299636,0.18445048376292433,0.1604263150039121,0.1795034767318403,125,-72.40611111,-35.83555556,UChile
13935,0.16284846611433546,0.1481951956885723,0.12318865684934333,0.11992149905555907,0.13161672618254433,0.1352260324241452,110,-70.41161667,-33.36923333,UChile
13936,0.1263082485305751,0.13271722791448234,0.15046764177189748,0.16244452113968166,0.178106649009397,0.21340499226478557,140,-70.39293333,-33.37605,UChile
13937,0.12285529354739474,0.12615656577156956,0.13208693490864493,0.12288122753000816,0.1381131971359777,0.08652227026061732,230,-70.39898333,-33.37123333,UChile
13938,0.33253259732676976,0.3229755593174493,0.30847255970059306,0.38887239053961303,0.421096803591508,0.3881861912721374,110,-70.31387778,-33.41587778,UChile
13939,0.23086161634371183,0.25802419791817893,0.3494966671894783,0.4446667995751714,0.3852626103670905,0.33619034115938196,235,-70.33676492,-33.402787,UChile
13940,0.09820339894949845,0.100260869626604,0.10745057555190239,0.12023310212803592,0.14701735712198366,0.17921073100434642,160,-70.33058544,-33.425571,UChile
13941,0.20359359140506758,0.18587409932230214,0.17367561414740262,0.2498396499050228,0.23459758211213244,NA,80,-71.339342,-32.364424,UChile
13942,0.21553888375078126,0.2238610313982422,0.25651739681796876,0.3013924813417969,NA,NA,50,-71.257221,-32.268697,UChile
13943,0.3113631501428571,0.3123907691966605,0.31438558778664194,0.31564319081076064,NA,NA,45,-71.263528,-32.259336,UChile
13944,0.096261845,NA,NA,NA,NA,NA,5,-70.700012,-32.235098,UChile
13945,0.11441109164160834,0.11901206308596275,0.13291585566964237,0.12453707282830027,0.11721090554280542,NA,70,-70.702819,-32.237578,UChile
13946,0.13857748576013512,0.13561047771283785,0.12842566410810813,0.115335922722973,0.0950674277985642,0.08198132245270269,120,-70.767163,-32.233435,UChile
13947,0.15622655325234408,0.16918742150207217,0.17123295939941777,0.11962150311123579,NA,NA,60,-70.81432355,-32.21318505,UChile
13948,0.08389598002263321,0.09151452557244982,0.10835933570240071,0.11432308984835311,0.12818354198910617,0.16140176949736998,200,-70.969156,-32.286683,UChile
13949,0.179782144941817,0.19403989628590484,0.2453889473848141,0.31055826733766795,0.32750947067781555,0.2771244828911935,200,-71.05666667,-32.30277778,UChile
13950,0.21824326716156567,0.21507497049357496,0.20462884435453227,0.21757176076767495,0.294418855045111,NA,100,-71.75388889,-35.76947222,UChile
13951,0.3033910807215888,0.30967017650608925,0.3295569026907895,0.3556631108363181,0.356783801222785,0.34102171346992,140,-71.18983333,-34.48613889,UChile
13952,0.1590885046673286,0.14548884520087932,0.10452653140047664,0.05592082759098581,0.07968327071561676,0.07908881049561707,310,-72.065881,-35.925281,UChile
13953,0.12888269105517255,0.1259054495711199,0.12105322997970329,0.11946293309557787,0.11919511007123176,0.11903506180588393,130,-72.06316,-35.920344,UChile
13954,0.13793602493309823,0.13463209517370478,0.18242817979783882,0.1870204192970209,0.1266647738557861,0.13545324076943108,130,-72.204786,-36.032515,UChile
13955,0.10883044644670596,0.11569592146398795,0.12915084449836725,0.12393397051001959,0.0923453426438915,0.050649463951297505,260,-72.569056,-36.173738,UChile
13956,0.10350662458018617,0.10420222146286401,0.11321505077689904,0.22571206182481254,0.2973472654466025,0.29493451460761155,210,-72.545563,-36.134477,UChile
13957,0.11600773343754534,0.11656221946507637,0.12018456261213763,0.13505682249933743,0.14986561923755512,0.10758871518951123,170,-72.549743,-36.224712,UChile
13958,0.12277649143133294,0.12736570854996979,0.14519207078331312,0.18306661510824127,0.21763278444781325,0.2228332385320097,160,-72.408463,-36.160576,UChile
13959,0.16860086257498874,0.1756244881675622,0.187929219177949,0.18260688497872932,0.19036345340294805,0.19095414332764465,200,-72.63705,-36.138516,UChile
13960,0.349,0.349,0.349,0.349,NA,NA,40,-71.387004,-30.679859,Otros
13961,0.288,0.288,0.288,0.288,NA,NA,40,-71.389602,-30.668279,Otros
13962,0.07060622554160571,0.06891289418759143,0.06580335666202337,0.09669764628239366,0.15468733448675215,0.14761663084254772,310,-72.30343,-35.88194,UChile
13963,0.15433158369203354,0.1538471660455345,0.14626687245178444,0.13552939483071702,0.14867585705950584,0.16948109238333556,170,-72.32297,-35.86282,UChile
13964,0.13633393156307025,0.1440974521148,0.18196789242425673,0.25736081198811833,0.22506720658383428,0.15652804837911405,190,-72.38549,-35.81987,UChile
13965,0.1610913397134291,0.16104923407815658,0.1606367958379141,0.16059916427646034,0.1824086873774587,0.1570821816933857,170,-72.38522,-35.83648,UChile
13966,0.06944707599757133,0.09406006852194942,0.11107113512606394,0.09077339501456283,NA,NA,50,-72.55079,-35.97135,UChile
13967,0.08541963612820921,0.09375699225577672,0.12000753056636346,0.13665749683252834,0.11589843838445614,0.12105854907332866,121,-72.53682,-35.97248,UChile
13968,0.174275927757764,0.18092787101319877,0.21239673223129255,0.22693200300177466,NA,NA,36,-72.47408,-35.95839,UChile
13969,0.12186298320598227,0.12254095185523106,0.12643544784567232,0.14370568368119557,0.18677273304059888,0.21520155585341577,136,-72.52888,-35.96562,UChile
13970,0.15930945426238907,0.1612779915945866,0.16854063770619077,0.1772027055396423,0.17315874874972315,0.16906726423192567,130,-72.45969,-35.95711,UChile
13971,0.09776055544020722,0.09826180138794671,0.1270706074862066,0.13887320853636395,0.13486555538377767,0.12738549739771918,197,-72.36019,-35.74902,UChile
13972,0.09894891717982068,0.10092747492667985,0.10881541862006294,0.12610751192954883,0.15787606923089054,0.15610374974191593,170,-72.3748,-35.7409,UChile
13973,0.09476514147997528,0.10135954076481102,0.11826183469975084,0.1410415594813235,0.15093267736358795,0.17513147864659717,160,-72.38942,-35.73273,UChile
13974,0.1527436475456436,0.14758130891083615,0.12005872715620729,0.15170999637649102,0.2131195580959829,0.28150246043479876,110,-70.350636,-33.409346,UChile
13975,0.30071360949339326,0.27650133755618095,0.19806296507950683,0.14633661448204183,0.13818828226294164,0.18933147824608615,150,-70.350519,-33.389453,UChile
13976,0.194076086722708,0.18642221121071348,0.16219326480759613,0.17540370174074119,0.2099014733252889,0.18630230756651436,180,-72.40063,-35.79814,UChile
13977,0.16707870385848234,0.1660246918758354,0.1731220580321491,0.1823902599212337,0.25305285477177086,0.3726870350786586,190,-72.38887385,-35.81054887,UChile
13978,0.11350200610781101,0.12814585416756621,0.17910958068374366,0.20908986766459894,0.20986208046315563,NA,69,-72.386597,-35.83377,UChile
13979,0.1875638444017186,0.18134595751559046,0.13663624332176777,0.10884968282680102,0.11612492378128174,0.15991118817857328,165,-72.39096,-35.81234,UChile
13980,0.133070981,0.133070981,NA,NA,NA,NA,14,-72.48,-35.92,UChile
13981,0.14638302056787916,0.14755198061549402,0.15221264300855275,0.16259629835944084,0.16806878118996063,NA,93,-72.50642082,-36.25247751,UChile
13982,0.10910347352538305,0.14743707560029487,0.21989848825851582,0.2531649467936223,0.2637669365412084,NA,70,-72.384049,-35.814895,UChile
13983,0.13124800206969905,0.13047980326343056,0.12801363938637544,0.13355601824042185,0.18171829445219126,0.1781228587986903,180,-72.372697,-35.795467,UChile
13984,0.2074436270646408,0.21112826431705806,0.243563087612554,0.22715179432684338,0.2117549195760663,0.16640405233785438,130,-72.626459,-36.221428,UChile
