ID,Nombre,Region,Localidad,Fecha,Datos,Fuente,Fuente2,x,y,Tratamiento,Comentario,top,bottom,Arcilla,Limo,arena,Dr,Da,CC,PMP,PDR,PDL,PAU,PAI,PT,RD,Ke,Ks,Vi,pH,MO,N,P,K,VDMA
2090,INIA-UDEC_413,11,Lago Vargas,NA,NA,CHLSOC,NA,-73.07585168,-47.7001661,testigo,NA,0,23,14.1,59.4,26.6,-999,-999,0.723,0.407,-999,-999,-999,-999,-999,-999,-999,-999,-999,3.71,19.1364,-999,-999,-999,-999
2092,INIA-UDEC_416,11,NA,NA,NA,CHLSOC,NA,-72.59043587,-47.2896276,testigo,NA,0,8,2.4,22.6,75.1,-999,0.95,0.251,0.13,-999,-999,-999,-999,-999,-999,-999,-999,-999,5.76,2.8446,-999,-999,-999,-999
2092,INIA-UDEC_416,11,NA,NA,NA,CHLSOC,NA,-72.59043587,-47.2896276,testigo,NA,4,0,-999,-999,-999,-999,0.95,-999,-999,-999,-999,-999,-999,-999,-999,-999,-999,-999,-999,17.0676,-999,-999,-999,-999
2092,INIA-UDEC_416,11,NA,NA,NA,CHLSOC,NA,-72.59043587,-47.2896276,testigo,NA,8,35,-999,-999,-999,-999,-999,-999,-999,-999,-999,-999,-999,-999,-999,-999,-999,-999,-999,-999,-999,-999,-999,-999
2092,INIA-UDEC_416,11,NA,NA,NA,CHLSOC,NA,-72.59043587,-47.2896276,testigo,NA,35,65,-999,-999,-999,-999,-999,-999,-999,-999,-999,-999,-999,-999,-999,-999,-999,-999,-999,-999,-999,-999,-999,-999
13299,H1,4,Salamanca,NA,Seguel,UChile,Pedro Moreno,-70.83701663,-31.85816675,testigo,NA,0,30,15.62,25.35,59.03,-999,1.184,0.219,0.095,-999,-999,-999,-999,-999,-999,-999,-999,-999,-999,-999,-999,-999,-999,-999
13304,SD,13,Isla de Maipo,NA,Seguel,UChile,"Ibanez, 2009",-70.88198297,-33.74388703,testigo,Suelo Delgado,0,20,12,22.6,65.4,2.637,1.029,0.285,0.11,0.163,0.096,0.175,-999,-999,-999,-999,0.3617,-999,-999,-999,-999,-999,-999,-999
13314,T0,6,Apalta,NA,Seguel,UChile,"Traub, 2010",-71.24598787,-34.60985369,testigo,NA,0,20,21.1,20.6,58.3,2.55,1.37,0.239,0.136,0.148,0.082,0.103,-999,0.469,46.3,-999,0.28,1.85,-999,2,-999,-999,-999,-999
13314,TE,6,Apalta,NA,Seguel,UChile,"Traub, 2010",-71.24598787,-34.60985369,"emulsiÃ³n orgÃ¡nica 10L/ha, concentracion 0.8ml/L",NA,0,20,19.9,24.2,55.9,2.6,1.47,0.246,0.153,0.168,0.071,0.093,-999,0.485,-999,-999,0.25,1.68,-999,2.1,-999,-999,-999,-999
13314,TM,6,Apalta,NA,Seguel,UChile,"Traub, 2010",-71.24598787,-34.60985369,mulch 20 Mg/ha,NA,0,20,21.2,23.4,55.4,2.61,1.37,0.263,0.144,0.148,0.075,0.119,-999,0.486,-999,-999,0.22,0.92,-999,2.3,-999,-999,-999,-999
13314,TME,6,Apalta,NA,Seguel,UChile,"Traub, 2010",-71.24598787,-34.60985369,"emulsiÃ³n orgÃ¡nica 10L/ha, concentracion 0.8ml/L + mulch",NA,0,20,22.3,20.5,57.2,2.59,1.33,0.261,0.135,0.184,0.088,0.126,-999,0.533,-999,-999,0.21,1.73,-999,2.3,-999,-999,-999,-999
13361,H1,4,Las Cardas,NA,Galleguillos,UChile,Nicolas Munnoz,-71.27318617,-30.26458119,testigo,sitio 1,0,10,15.91,14.11,69.98,-999,-999,0.129399879,0.075459721,-999,-999,-999,-999,-999,-999,-999,-999,-999,7.1,2.244632401,3.157,-999,-999,-999
13362,H1,4,Las Cardas,NA,Galleguillos,UChile,Nicolas Munnoz,-71.24713571,-30.26903342,testigo,sitio 12,0,10,14.28,29.19,56.53,-999,-999,0.101256785,0.074124464,-999,-999,-999,-999,-999,-999,-999,-999,-999,7.06,1.917452064,2.023,-999,-999,-999
13363,H1,4,Las Cardas,NA,Galleguillos,UChile,Nicolas Munnoz,-71.30350192,-30.28107651,testigo,sitio 14,0,10,15.51,12.67,71.82,-999,-999,0.190047788,0.098317064,-999,-999,-999,-999,-999,-999,-999,-999,-999,7.2,2.398536876,2.247,-999,-999,-999
13364,H1,4,Las Cardas,NA,Galleguillos,UChile,Nicolas Munnoz,-71.28934527,-30.2764474,testigo,sitio 15,0,10,14.08,15.06,70.85,-999,-999,0.153761898,0.080849403,-999,-999,-999,-999,-999,-999,-999,-999,-999,7.94,1.722648654,2.121,-999,-999,-999
13365,H1,4,Las Cardas,NA,Galleguillos,UChile,Nicolas Munnoz,-71.28232048,-30.2944213,testigo,sitio 16,0,10,13.69,13.99,72.32,-999,-999,0.114979242,0.069583363,-999,-999,-999,-999,-999,-999,-999,-999,-999,7.17,4.810823111,4.977,-999,-999,-999
13366,H1,4,Las Cardas,NA,Galleguillos,UChile,Nicolas Munnoz,-71.23653019,-30.25542278,testigo,sitio 18,0,10,11.68,21.68,66.64,-999,-999,0.176290632,0.087141818,-999,-999,-999,-999,-999,-999,-999,-999,-999,7.12,8.064870344,8.547,-999,-999,-999
13367,H1,4,Las Cardas,NA,Galleguillos,UChile,Nicolas Munnoz,-71.230334010000007,-30.27095927,testigo,sitio 19,0,10,8.73,20.09,71.18,-999,-999,0.193526608,0.094600196,-999,-999,-999,-999,-999,-999,-999,-999,-999,7.2,2.751814462,2.107,-999,-999,-999
13368,H1,4,Las Cardas,NA,Galleguillos,UChile,Nicolas Munnoz,-71.23845406,-30.29924696,testigo,sitio 20,0,10,14.84,19.81,65.35,-999,-999,0.11884031,0.065733226,-999,-999,-999,-999,-999,-999,-999,-999,-999,6.93,2.512546002,1.827,-999,-999,-999
13369,H1,4,Las Cardas,NA,Galleguillos,UChile,Nicolas Munnoz,-71.28396856,-30.28464969,testigo,sitio 21,0,10,17.9,16.34,65.76,-999,-999,0.158016383,0.087941821,-999,-999,-999,-999,-999,-999,-999,-999,-999,7.39,2.960156345,2.275,-999,-999,-999
13370,H1,4,Las Cardas,NA,Galleguillos,UChile,Nicolas Munnoz,-71.29151603,-30.28855782,testigo,sitio 23,0,10,10.79,15.41,73.81,-999,-999,0.131948572,0.079647467,-999,-999,-999,-999,-999,-999,-999,-999,-999,6.88,2.799763973,4.025,-999,-999,-999
13371,H1,4,Las Cardas,NA,Galleguillos,UChile,Nicolas Munnoz,-71.27379676,-30.24992921,testigo,sitio 24,0,10,8.55,13.11,78.34,-999,-999,0.174590586,0.084662572,-999,-999,-999,-999,-999,-999,-999,-999,-999,7.04,2.284789644,3.493,-999,-999,-999
13372,H1,4,Las Cardas,NA,Galleguillos,UChile,Nicolas Munnoz,-71.28923395,-30.26992326,testigo,sitio 26,0,10,3.5,9.84,86.66,-999,-999,0.108966989,0.092302475,-999,-999,-999,-999,-999,-999,-999,-999,-999,7.4,3.644710415,4.319,-999,-999,-999
13373,H1,4,Las Cardas,NA,Galleguillos,UChile,Nicolas Munnoz,-71.30107284,-30.29815896,testigo,sitio 27,0,10,19.23,33.12,47.65,-999,-999,0.152876212,0.08673004,-999,-999,-999,-999,-999,-999,-999,-999,-999,8.05,3.072482889,4.319,-999,-999,-999
13374,H1,4,Las Cardas,NA,Galleguillos,UChile,Nicolas Munnoz,-71.28987297,-30.257783710000002,testigo,sitio 29,0,10,23.31,25.72,50.96,-999,-999,0.189388899,0.093964244,-999,-999,-999,-999,-999,-999,-999,-999,-999,8.18,3.495837789,4.123,-999,-999,-999
13375,H1,4,Las Cardas,NA,Galleguillos,UChile,Nicolas Munnoz,-71.31259733,-30.26955361,testigo,sitio 31,0,10,13.25,13.52,73.23,-999,-999,0.111897176,0.090664182,-999,-999,-999,-999,-999,-999,-999,-999,-999,7.3,1.852685751,1.841,-999,-999,-999
13376,H1,4,Las Cardas,NA,Galleguillos,UChile,Nicolas Munnoz,-71.27945126,-30.25145935,testigo,sitio 32,0,10,8.05,10.99,80.96,-999,-999,0.106493236,0.057384394,-999,-999,-999,-999,-999,-999,-999,-999,-999,6.95,2.04998573,2.261,-999,-999,-999
13377,H1,4,Las Cardas,NA,Galleguillos,UChile,Nicolas Munnoz,-71.25326618,-30.2933066,testigo,sitio 33,0,10,16.54,21.62,61.84,-999,-999,0.158377689,0.099410425,-999,-999,-999,-999,-999,-999,-999,-999,-999,7.84,1.852827304,2.023,-999,-999,-999
13378,H1,4,Las Cardas,NA,Galleguillos,UChile,Nicolas Munnoz,-71.255982650000007,-30.28838835,testigo,sitio 34,0,10,15.87,19.52,64.62,-999,-999,0.209506555,0.097355864,-999,-999,-999,-999,-999,-999,-999,-999,-999,7.16,4.072805035,4.123,-999,-999,-999
13379,H1,4,Las Cardas,NA,Galleguillos,UChile,Nicolas Munnoz,-71.24863913,-30.25359007,testigo,sitio 36,0,10,5.69,20.82,73.49,-999,-999,0.183341125,0.093114753,-999,-999,-999,-999,-999,-999,-999,-999,-999,8.04,1.80872969,3.367,-999,-999,-999
13381,H1,4,Las Cardas,NA,Galleguillos,UChile,Nicolas Munnoz,-71.26522406,-30.28334861,testigo,sitio 37,0,10,13.8,23.36,62.83,-999,-999,0.158228393,0.08159648,-999,-999,-999,-999,-999,-999,-999,-999,-999,7.17,2.197004085,1.869,-999,-999,-999
13382,H1,4,Las Cardas,NA,Galleguillos,UChile,Nicolas Munnoz,-71.23641481,-30.29116199,testigo,sitio 38,0,10,14.26,16.34,69.4,-999,-999,0.187797555,0.09687083,-999,-999,-999,-999,-999,-999,-999,-999,-999,7.3,3.066075662,2.807,-999,-999,-999
13383,H1,4,Las Cardas,NA,Galleguillos,UChile,Nicolas Munnoz,-71.29001579,-30.26343945,testigo,sitio 4,0,10,17.85,12.83,69.33,-999,-999,0.106741121,0.080025788,-999,-999,-999,-999,-999,-999,-999,-999,-999,7.74,1.936233065,2.253,-999,-999,-999
13384,H1,4,Las Cardas,NA,Galleguillos,UChile,Nicolas Munnoz,-71.28755253,-30.2789182,testigo,sitio 40,0,10,9.95,12.28,77.77,-999,-999,0.145475715,0.098602943,-999,-999,-999,-999,-999,-999,-999,-999,-999,7.14,2.198520698,2.233,-999,-999,-999
13385,H1,4,Las Cardas,NA,Galleguillos,UChile,Nicolas Munnoz,-71.27613217,-30.2709815,testigo,sitio 5,0,10,21.86,12.16,65.98,-999,-999,0.16806202,0.136219622,-999,-999,-999,-999,-999,-999,-999,-999,-999,7.84,2.438943894,2.247,-999,-999,-999
13386,H1,4,Las Cardas,NA,Galleguillos,UChile,Nicolas Munnoz,-71.24628016,-30.27232733,testigo,sitio 8,0,10,10.68,20.71,68.62,-999,-999,0.128083748,0.07952908,-999,-999,-999,-999,-999,-999,-999,-999,-999,7.47,5.309521337,5.761,-999,-999,-999
13387,H1,4,Las Cardas,NA,Galleguillos,UChile,Nicolas Munnoz,-71.25244529,-30.25676859,testigo,sitio 9,0,10,9.62,18.64,71.74,-999,-999,0.137813867,0.079246156,-999,-999,-999,-999,-999,-999,-999,-999,-999,8.15,1.592370904,1.099,-999,-999,-999
13417,Pino_Cte_5,7,Purapel,NA,Galleguillos,UChile,"Soto et al., 2037",-72.32118153,-35.44343165,testigo,NA,0,20,18.2,15.4,66.4,-999,1.166,0.202,0.082,0.123,0.123,0.139,-999,-999,10.5,-999,-999,0.786792453,5.43,4.161549873,44.8,-999,-999,-999
13417,Pino_Cte_5,7,Purapel,NA,Galleguillos,UChile,"Soto et al., 2038",-72.32118153,-35.44343165,testigo,NA,20,40,-999,-999,-999,-999,1.424,-999,-999,-999,-999,-999,-999,-999,-999,-999,-999,-999,-999,-999,-999,-999,-999,-999
13417,Pino_Cte_5,7,Purapel,NA,Galleguillos,UChile,"Soto et al., 2039",-72.32118153,-35.44343165,testigo,NA,40,60,-999,-999,-999,-999,1.356,-999,-999,-999,-999,-999,-999,-999,-999,-999,-999,-999,-999,-999,-999,-999,-999,-999
13433,H1,6,DoÃ±ihue,NA,Macari,UChile,Macari,-70.95133653,-34.21797012,testigo,DoÃ±ihue_Cristina Soto,0,20,16.7,30.6,52.7,2.317,1.579,0.164,0.082,-999,-999,-999,-999,-999,-999,-999,-999,-999,-999,-999,-999,-999,-999,-999
13434,H1,6,DoÃ±ihue,NA,Macari,UChile,Macari,-70.97358324,-34.21863019,testigo,DoÃ±ihue_JosÃ© CÃ©sped,0,20,28.9,41.2,29.9,2.098,1.504,0.137,0.074,-999,-999,-999,-999,-999,-999,-999,-999,-999,-999,-999,-999,-999,-999,-999
13435,H1,6,DoÃ±ihue,NA,Macari,UChile,Macari,-70.94371205,-34.22493759,testigo,DoÃ±ihue_JosÃ© Medina,0,20,23.9,47.4,28.7,2.255,1.376,0.231,0.161,-999,-999,-999,-999,-999,-999,-999,-999,-999,-999,-999,-999,-999,-999,-999
13436,H1,6,La Estrella,NA,Macari,UChile,Macari,-71.66263655,-34.17985832,testigo,La Estrella_GermÃ¡n Soto,0,20,26.5,23.4,50.1,2.356,1.719,0.249,0.144,-999,-999,-999,-999,-999,-999,-999,-999,-999,-999,-999,-999,-999,-999,-999
13437,H1,6,La Estrella,NA,Macari,UChile,Macari,-71.65505028,-34.19294498,testigo,La Estrella_Juan Veas,0,20,27.2,29.3,43.6,2.349,1.616,0.215,0.092,-999,-999,-999,-999,-999,-999,-999,-999,-999,-999,-999,-999,-999,-999,-999
13438,H1,6,La Estrella,NA,Macari,UChile,Macari,-71.62997691,-34.24985036,testigo,La Estrella_Pihuelo 1,0,20,11.7,10,78.4,2.758,1.692,0.251,0.103,-999,-999,-999,-999,-999,-999,-999,-999,-999,-999,-999,-999,-999,-999,-999
13439,H1,6,La Estrella,NA,Macari,UChile,Macari,-71.63189382,-34.24795841,testigo,La Estrella_Pihuelo 2,0,20,30.5,12,57.5,2.503,1.603,0.093,0.059,-999,-999,-999,-999,-999,-999,-999,-999,-999,-999,-999,-999,-999,-999,-999
13440,H1,6,La Estrella,NA,Macari,UChile,Macari,-71.6619024,-34.17644764,testigo,La Estrella_Rolando,0,20,25.6,30.8,43.6,2.063,1.631,0.188,0.16,-999,-999,-999,-999,-999,-999,-999,-999,-999,-999,-999,-999,-999,-999,-999
13441,H1,6,Nancagua,NA,Macari,UChile,Macari,-71.19621342,-34.70977398,testigo,Nancagua_Alberto Cabezas,0,20,12.9,19,68.1,2.632,1.523,0.201,0.122,-999,-999,-999,-999,-999,-999,-999,-999,-999,-999,-999,-999,-999,-999,-999
13442,H1,6,Nancagua,NA,Macari,UChile,Macari,-71.19896937,-34.71127311,testigo,Nancagua_HernÃ¡n DÃ­az,0,20,15.1,24.5,60.4,2.5,1.447,0.234,0.159,-999,-999,-999,-999,-999,-999,-999,-999,-999,-999,-999,-999,-999,-999,-999
13443,H1,6,Nancagua,NA,Macari,UChile,Macari,-71.16143062,-34.62033075,testigo,Nancagua_Manuel Parraguez,0,20,20,25.7,54.3,2.315,1.579,0.222,0.136,-999,-999,-999,-999,-999,-999,-999,-999,-999,-999,-999,-999,-999,-999,-999
13444,H1,6,Nancagua,NA,Macari,UChile,Macari,-71.19621331,-34.66829793,testigo,Nancagua_Soledad Rebeco,0,20,42.8,35.4,21.7,2.35,1.741,0.267,0.213,-999,-999,-999,-999,-999,-999,-999,-999,-999,-999,-999,-999,-999,-999,-999
13484,SF,13,Los Andes,NA,Seguel,UChile,Perez-Quezada,-70.32416619,-33.56694468,testigo,Bosque esclerofilo,0,10,15.53,29,55.47,-999,1.53,0.358,0.196,-999,-999,-999,-999,0.5565,-999,-999,-999,-999,-999,9.821,0.38,-999,-999,-999
13485,ASF,13,Los Andes,NA,Seguel,UChile,Perez-Quezada,-70.21666703,-33.49416698,testigo,Bosque esclerofilo andino,0,10,17.2,21.6,61.19,-999,1.53,0.2615,0.2054,-999,-999,-999,-999,0.424,-999,-999,-999,-999,-999,12.1948,0.48,-999,-999,-999
13486,LAS,13,Los Andes,NA,Seguel,UChile,Perez-Quezada,-70.12027729,-33.7033335,testigo,Matorral bajo-andino,0,10,7.78,20.6,71.63,-999,1.479,0.1693,0.07364,-999,-999,-999,-999,0.442,-999,-999,-999,-999,-999,3.88548,0.146,-999,-999,-999
13487,UAS,13,Los Andes,NA,Seguel,UChile,Perez-Quezada,-69.97944462,-33.61083301,testigo,Matorral alto-andino,0,10,6.67,12.24,81.08,-999,1.268,0.1873,0.00271,-999,-999,-999,-999,0.5214,-999,-999,-999,-999,-999,5.3492,0.271,-999,-999,-999
13499,P01a,7,Santa Olga,2021,Galleguillos,UChile,NA,-72.29736313,-35.47501386,testigo,NA,0,19,15,44.4,40.6,-999,0.855,0.335421016,0.141686183,-999,-999,-999,-999,-999,-999,-999,0.768333333,-999,-999,-999,-999,-999,-999,-999
13501,P03a,7,Santa Olga,2021,Galleguillos,UChile,NA,-72.29911532,-35.46667504,testigo,NA,0,10,13.2,46,40.8,-999,0.913,0.325314379,0.148494289,-999,-999,-999,-999,-999,-999,-999,0.604378863,-999,-999,-999,-999,-999,-999,-999
13503,P05a,7,Santa Olga,2021,Galleguillos,UChile,NA,-72.2946637,-35.47878251,testigo,NA,0,14,15.1,39.8,45.1,-999,0.997,0.353901996,0.217054264,-999,-999,-999,-999,-999,-999,-999,0.348333333,-999,-999,-999,-999,-999,-999,-999
13504,P06a,7,Santa Olga,2021,Galleguillos,UChile,NA,-72.29298208,-35.47807146,testigo,NA,0,8,12.9,42.3,44.8,-999,1.024,0.328286304,0.199266504,-999,-999,-999,-999,-999,-999,-999,0.753333333,-999,-999,-999,-999,-999,-999,-999
13505,P07a,7,Santa Olga,2021,Galleguillos,UChile,NA,-72.28794985,-35.4770553,testigo,NA,0,12,17.8,48.2,34,-999,1.053,0.314754098,0.120805369,-999,-999,-999,-999,-999,-999,-999,0.351666667,-999,-999,-999,-999,-999,-999,-999
13506,P08a,7,Santa Olga,2021,Galleguillos,UChile,NA,-72.29659934,-35.47115065,testigo,NA,0,14,18.9,45.8,35.2,-999,0.911,0.358158429,0.132502831,-999,-999,-999,-999,-999,-999,-999,1.13,-999,-999,-999,-999,-999,-999,-999
13507,P09a,7,Santa Olga,2021,Galleguillos,UChile,NA,-72.29022915,-35.47216276,testigo,NA,0,20,22,48.4,29.5,-999,1.113,0.279385172,0.196061644,-999,-999,-999,-999,-999,-999,-999,1.953333333,-999,-999,-999,-999,-999,-999,-999
13508,P10a,7,Santa Olga,2021,Galleguillos,UChile,NA,-72.29329322,-35.47408874,testigo,NA,0,12,20.4,45.9,33.7,-999,1.125,0.326164875,0.132639792,-999,-999,-999,-999,-999,-999,-999,1.713333333,-999,-999,-999,-999,-999,-999,-999
13509,P11a,7,Santa Olga,2021,Galleguillos,UChile,NA,-72.29485817,-35.47545183,testigo,NA,0,20,10.1,41.7,48.2,-999,0.843,0.485758276,0.21875,-999,-999,-999,-999,-999,-999,-999,10.29666667,-999,-999,-999,-999,-999,-999,-999
13510,P12a,7,Santa Olga,2021,Galleguillos,UChile,NA,-72.2970555,-35.4761127,testigo,NA,0,33,14.8,47.3,37.9,-999,1.223,0.312738854,0.122544434,-999,-999,-999,-999,-999,-999,-999,0.488333333,-999,-999,-999,-999,-999,-999,-999
13511,P13b,7,Santa Olga,2021,Galleguillos,UChile,NA,-72.30009024,-35.46923475,testigo,NA,0,35,11.5,48.7,39.7,-999,0.657,0.546806649,0.280291971,-999,-999,-999,-999,-999,-999,-999,1.045,-999,-999,-999,-999,-999,-999,-999
13512,P14b,7,Santa Olga,2021,Galleguillos,UChile,NA,-72.29098322,-35.47039388,testigo,NA,0,30,9.8,36.7,53.5,-999,0.965,0.316791298,0.224089636,-999,-999,-999,-999,-999,-999,-999,1.115,-999,-999,-999,-999,-999,-999,-999
13514,P16c,7,Santa Olga,2021,Galleguillos,UChile,NA,-72.29353842,-35.47631698,testigo,NA,0,17,19.7,55,25.3,-999,1.001,0.399141631,0.232323232,-999,-999,-999,-999,-999,-999,-999,1.145,-999,-999,-999,-999,-999,-999,-999
13516,P18d,7,Santa Olga,2021,Galleguillos,UChile,NA,-72.29936881,-35.47206619,testigo,NA,0,6,14.8,39,46.2,-999,1.204,0.251626898,0.116094987,-999,-999,-999,-999,-999,-999,-999,0.226666667,-999,-999,-999,-999,-999,-999,-999
13520,P22d,7,Santa Olga,2021,Galleguillos,UChile,NA,-72.28718981,-35.46867697,testigo,NA,0,15,16,37.3,46.7,-999,1.247,0.239978034,0.177310293,-999,-999,-999,-999,-999,-999,-999,1.063333333,-999,-999,-999,-999,-999,-999,-999
13521,P23d,7,Santa Olga,2021,Galleguillos,UChile,NA,-72.2925467,-35.47334313,testigo,NA,0,9,15,39.5,45.5,-999,1.197,0.287240022,0.137681159,-999,-999,-999,-999,-999,-999,-999,8.361666667,-999,-999,-999,-999,-999,-999,-999
13564,Rungue,13,Rungue,NA,Seguel,UChile,Tesis Carolina Munoz,-70.66166661,-33.14805545,testigo,Muestra superficial,0,20,36.4,32.5,31.1,2.62,1.23,0.412,0.232,0.127,0.012,0.18,0.232,-999,23,-999,-999,-999,-999,3.88,-999,-999,-999,8.85
13565,Rungue,13,Rungue,NA,Seguel,UChile,"Tesis Cristobal ""Topito el arrepentido"" Mendoza",-70.79388876,-33.14749968,testigo,Muestra superficial,0,20,32.5,38.9,21.3,2.31,1.06,0.39,0.276,0.166,0.036,0.114,0.276,-999,34.1,-999,-999,-999,-999,-999,-999,-999,-999,3.73
13567,Rinconada,13,Maipu,NA,Seguel,UChile,"Tesis Ignacio ""Maimo"" Fuentes",-70.82556191,-33.50333369,testigo,Muesta superficial,0,20,22,44,34,2.67,1.39,0.323,0.15,0.105,0.072,0.173,0.15,-999,-999,-999,-999,-999,-999,3.87,-999,-999,-999,-999
13568,Rinconada,13,Maipu,NA,Seguel,UChile,"Tesis Ignacio ""Maimo"" Fuentes",-70.82555545,-33.50333378,testigo,Muesta superficial,0,20,16.8,40.3,42.9,2.58,1.27,0.353,0.166,0.073,0.06,0.187,0.166,-999,-999,-999,-999,-999,-999,7.93,-999,-999,-999,-999
13569,CODPA 1 sin flor,15,Altiplano,NA,Galleguillos,UChile,NA,-69.70574416,-18.72767628,testigo,NA,0,10,8.175483871,45.98709677,45.83741935,-999,1.14750714,0.109816911,0.089329564,0.071619724,0.073211274,0.020487346,0.089329564,-999,-999,-999,-999,-999,-999,-999,-999,-999,-999,-999
13570,CODPA 2 con,15,Altiplano,NA,Galleguillos,UChile,NA,-69.66933838,-18.72257724,testigo,NA,0,10,9.177407127,49.96588324,40.85670963,-999,1.456586039,0.27400115,0.100238179,0.051948173,0.076394373,0.173762971,0.100238179,-999,-999,-999,-999,-999,-999,-999,-999,-999,-999,-999
13571,CODPA 3,15,Altiplano,NA,Galleguillos,UChile,NA,-69.6399534,-18.71244946,testigo,NA,0,10,8.1255449,40.6277245,51.2467306,-999,1.385284625,0.203718327,0.085725316,0.058569019,0.100585924,0.117993011,0.085725316,-999,-999,-999,-999,-999,-999,-999,-999,-999,-999,-999
13572,CHUSMIZA 1 sin veg,1,Altiplano,NA,Galleguillos,UChile,NA,-69.82359826,-18.46560062,testigo,NA,0,10,10.26227303,9.23604573,80.50168124,-999,1.603220793,0.14005635,0.12764104,0.08276057,0.090187801,0.01241531,0.12764104,-999,-999,-999,-999,-999,-999,-999,-999,-999,-999,-999
13573,CHUSMIZA 2 poca veg,1,Altiplano,NA,Galleguillos,UChile,NA,-69.83138604,-18.4701486,testigo,NA,0,10,9.162931034,30.54310345,60.29396552,-999,1.700605166,0.107394988,0.097252537,0.050929582,0.131752614,0.010142451,0.097252537,-999,-999,-999,-999,-999,-999,-999,-999,-999,-999,-999
13574,CHUSMIZA 3 mala veg,1,Altiplano,NA,Galleguillos,UChile,NA,-69.8570038,-18.47953277,testigo,NA,0,10,26.02946732,30.19418209,43.77635059,-999,1.314693855,0.16937047,0.159462867,0.113703252,0.086461848,0.009907603,0.159462867,-999,-999,-999,-999,-999,-999,-999,-999,-999,-999,-999
13575,PUTRE 1,15,Altiplano,NA,Galleguillos,UChile,NA,-69.3570538,-19.79925874,testigo,NA,0,10,3.034090909,32.36363636,64.60227273,-999,1.759284901,0.078608702,0.076768796,0.06200123,0.095216175,0.001839907,0.076768796,-999,-999,-999,-999,-999,-999,-999,-999,-999,-999,-999
13576,PUTRE 2,15,Altiplano,NA,Galleguillos,UChile,NA,-69.27167839,-19.76498764,testigo,NA,0,10,4.065862981,36.59276683,59.34137019,-999,1.740987546,0.101859164,0.075760337,0.058971095,0.069693112,0.026098827,0.075760337,-999,-999,-999,-999,-999,-999,-999,-999,-999,-999,-999
13577,PUTRE 3,15,Altiplano,NA,Galleguillos,UChile,NA,-69.20803515,-19.69653697,testigo,NA,0,10,5.101434068,44.8926198,50.00594614,-999,1.689730347,0.183346494,0.090232063,0.069037878,0.053193119,0.093114431,0.090232063,-999,-999,-999,-999,-999,-999,-999,-999,-999,-999,-999
13647,POS_2,9,Trancura,NA,Seguel,UChile,Brandon,-71.5007962,-39.34218456,testigo,Pradera Natural,0,21,3.943093923,38.33563536,57.72127072,1.993355109,0.737417703,0.43950256,0.234701925,0.125091441,0.047549378,0.204800636,0.234701925,-999,-999,-999,-999,-999,-999,-999,-999,-999,-999,-999
13670,MQ,2,Mejillones,2010,Seguel,UChile,NA,-70.37611131,-23.12416658,testigo,NA,6,90,4,5.2,90.7,-999,1.59,0.0357,0.0273,-999,-999,-999,-999,-999,-999,3.6,-999,-999,8.5,0.11,12,1,127,-999
13757,Paz-1,NA,NA,NA,Seguel,UChile,NA,-70.54872242,-26.10941696,testigo,NA,0,20,10.26447462,16.4231594,73.31236598,2.776969322,1.761597817,0.109504729,0.05843762,-999,-999,-999,-999,-999,-999,-999,-999,-999,-999,-999,-999,-999,-999,-999
13759,North-1,NA,Playa entre Copiapo y Vallenar,NA,Seguel,UChile,NA,-70.78897191,-26.95608367,testigo,NA,0,30,10.09561999,7.066933991,82.83744602,2.760094211,1.61006734,0.092003848,0.034004369,-999,-999,-999,-999,-999,-999,-999,-999,-999,-999,-999,-999,-999,-999,-999
13912,D3P1,NA,NA,2021,Seguel,UChile,NA,-72.644606,-42.933248,testigo,NA,50,70,6.611288605,33.8828541,59.50585729,-999,0.711028632,0.525366652,0.282900412,-999,-999,-999,-999,-999,-999,-999,-999,-999,-999,-999,-999,-999,-999,-999
13913,D5P1,NA,NA,2021,Seguel,UChile,NA,-71.958708,-43.117888,testigo,NA,50,70,6.622664016,30.83677932,62.54055666,-999,1.010180276,0.30899632,0.103771139,-999,-999,-999,-999,-999,-999,-999,-999,-999,-999,-999,-999,-999,-999,-999
13914,D8P1,NA,NA,2021,Seguel,UChile,NA,-72.048847,-43.332211,testigo,NA,50,70,10.7333106,7.017933856,82.24875554,-999,1.580805938,0.133262063,0.101900977,-999,-999,-999,-999,-999,-999,-999,-999,-999,-999,-999,-999,-999,-999,-999
13915,D8P2,NA,NA,2021,Seguel,UChile,NA,-71.98314,-43.275336,testigo,NA,50,70,4.783216783,25.87285442,69.3439288,-999,0.631283139,0.425624326,0.222282795,-999,-999,-999,-999,-999,-999,-999,-999,-999,-999,-999,-999,-999,-999,-999
13916,D11P5,NA,NA,2021,Seguel,UChile,NA,-71.941421,-43.606002,testigo,NA,50,70,4.441008772,39.16162281,56.39736842,-999,1.44369035,0.167113342,0.047092139,-999,-999,-999,-999,-999,-999,-999,-999,-999,-999,-999,-999,-999,-999,-999
13917,D11P9,NA,NA,2021,Seguel,UChile,NA,-71.883738,-43.596286,testigo,NA,50,70,7.454586273,5.842783836,86.70262989,-999,1.537645811,0.072367337,0.027330141,-999,-999,-999,-999,-999,-999,-999,-999,-999,-999,-999,-999,-999,-999,-999
13918,D12P6,NA,NA,2021,Seguel,UChile,NA,-72.113058,-43.589734,testigo,NA,50,70,4.948216224,6.86667075,88.18511303,-999,1.300530223,0.124672724,0.042188978,-999,-999,-999,-999,-999,-999,-999,-999,-999,-999,-999,-999,-999,-999,-999
13919,D12P9,NA,NA,2021,Seguel,UChile,NA,-72.164201,-43.658029,testigo,NA,50,70,14.73857833,76.04963448,9.211787197,-999,1.245917286,0.415220834,0.120357314,-999,-999,-999,-999,-999,-999,-999,-999,-999,-999,-999,-999,-999,-999,-999
13920,D18P1,NA,NA,2021,Seguel,UChile,NA,-72.450669,-42.866309,testigo,NA,50,70,4.426499084,0.804818015,94.7686829,-999,1.655673383,0.046669988,0.034786534,-999,-999,-999,-999,-999,-999,-999,-999,-999,-999,-999,-999,-999,-999,-999
13921,D19P1,NA,NA,2021,Seguel,UChile,NA,-72.401393,-42.848333,testigo,NA,50,70,4.41203172,13.83773585,81.75023243,-999,1.466383881,0.059493936,0.023316163,-999,-999,-999,-999,-999,-999,-999,-999,-999,-999,-999,-999,-999,-999,-999
13944,PET-04F,NA,Petorca,2021,Seguel,UChile,NA,-70.700012,-32.235098,testigo,Sobrante arriba,0,5,13.473333330000001,19.39343434,67.13323232,2.659105582,1.441550841,0.211704462,0.096261845,0.174103877,0.054498903,0.115442617,-999,-999,-999,-999,-999,-999,-999,-999,-999,-999,-999,-999
13960,C34 Arbosana,NA,NA,NA,NA,Otros,NA,-71.387004,-30.679859,testigo,NA,0,40,64,30,6,-999,1.24,0.458,0.349,-999,-999,0.109,-999,-999,-999,-999,-999,-999,-999,-999,-999,-999,-999,-999
13961,C55 Koroneiki,NA,NA,NA,NA,Otros,NA,-71.389602,-30.668279,testigo,NA,0,40,48,32,20,-999,1.26,0.416,0.288,-999,-999,0.128,-999,-999,-999,-999,-999,-999,-999,-999,-999,-999,-999,-999
13980,"Pino cima, los pozones",NA,Cauquenes,2023,NA,UChile,NA,-72.48,-35.92,testigo,NA,0,14,17.40603193,30.04612655,52.54784151,2.52,1.25,0.27,0.133070981,0.139722019,0.059985369,0.140667131,-999,-999,-999,-999,-999,-999,-999,-999,-999,-999,-999,-999
13980,"Pino cima, los pozones",NA,Cauquenes,2023,NA,UChile,NA,-72.48,-35.92,testigo,NA,14,90,21.49472278,29.96860387,48.53667335,2.77,-999,-999,-999,-999,-999,-999,-999,-999,-999,-999,-999,-999,-999,-999,-999,-999,-999,-999
