id,0-5 cm,5-15 cm,15-30 cm,30-60 cm,60-100 cm,100-200 cm,soil depth,x,y,Fuente
2,2.5,2.5,2.5,2.5,2.5,NA,100,-72.25018236,-38.52993579,CIREN
3,2.5,2.5,2.5,2.5,2.5,2.5,110,-73.61357217,-43.05810882,CIREN
5,0.5264794380007949,1.135582815258967,1.8903580860508233,2.4888219930144544,NA,NA,55,-72.92779275,-41.40870107,CIREN
9,2.5,2.5,2.5,2.5,2.5,2.5,110,-70.49254557,-30.21453801,CIREN
11,2.5,2.175712450929693,0.33633273226445176,0.15085388908511707,0.034156700660052206,NA,75,-71.55958701,-37.32140125,CIREN
13,2.5,2.5,2.5,2.5,2.5,NA,90,-72.85372633,-38.75430974,CIREN
14,0,0,0,0,0,0,150,-72.34361976,-37.04125953,CIREN
16,2.5,2.5,2.5,2.5,2.5,2.5,140,-73.48005381,-37.6403617,CIREN
17,2.5,2.5,2.5,2.5,2.4170463900553476,1.1302779889683825,194,-73.15033359,-40.89952413,CIREN
18,2.5,2.5,2.5,2.5,2.5,NA,62,-71.10365691,-29.93893802,CIREN
19,2.5,2.5,2.5,2.5,2.5,2.5,140,-71.77681367,-36.43966806,CIREN
20,2.5,2.5,2.5,2.5,NA,NA,40,-72.66867232,-38.99493899,CIREN
23,2.5,2.5,2.5,2.5,2.5,NA,100,-73.74758302,-40.60982964,CIREN
25,2.5,2.5,2.5,2.5,2.5,NA,72,-72.3087817,-36.80166133,CIREN
27,2.5,2.5,2.5,2.5,2.5,2.5,120,-72.7780099,-36.07813227,CIREN
31,2.5,2.5,2.5,2.5,NA,NA,52,-71.04671782,-31.79538477,CIREN
32,2.5,2.5,2.5,2.5,2.5,2.5,145,-72.56932765,-37.119555,CIREN
33,2.5,2.5,2.5,2.5,2.5,NA,70,-72.30372855,-39.57174323,CIREN
34,2.5,2.5,2.5,2.5,2.5,2.5,116,-72.5239116,-37.49304885,CIREN
36,2.5,2.5,2.5,NA,NA,NA,22,-71.47223803,-35.2250355,CIREN
38,2.5,2.5,2.5,2.5,2.5,NA,100,-73.57472391,-39.95108189,CIREN
40,2.5,2.5,2.5,2.5,2.5,2.5,120,-72.79306731,-36.14330972,CIREN
41,2.5,2.5,2.5,2.5,2.5,2.5,120,-72.68493281,-38.49339137,CIREN
43,2.5,2.5,2.5,2.5,2.5,NA,80,-71.81751048,-35.33015406,CIREN
44,2.5,2.5,2.5,2.5,2.5,2.5,110,-71.30088232,-34.2412442,CIREN
45,2.5,2.5,2.5,2.5,NA,NA,46,-70.80480633,-34.24504549,CIREN
46,2.5,2.5,2.5,2.5,2.5,NA,61,-73.70337092,-42.6701328,CIREN
47,2.5,2.5,2.5,2.5,2.5,NA,97,-70.96713102,-34.36156575,CIREN
48,2.5,2.5,2.5,2.5,2.5,NA,80,-70.62924987,-31.89242942,CIREN
49,2.5,2.5,2.5,2.5,2.5,NA,93,-72.62896406,-37.42536011,CIREN
51,2.5,2.5,1.6998581953417826,2.5,NA,NA,43,-70.66852326,-34.05130164,CIREN
52,19.7,19.7,19.7,NA,NA,NA,22,-71.34305429,-33.7548122,CIREN
54,2.5,2.5,2.5,2.5,NA,NA,32,-71.26313314,-30.0239802,CIREN
55,2.5,2.5,2.5,1.9107906800645418,2.160128755735945,0.15794614956642244,125,-72.45431072,-36.63678676,CIREN
56,2.5,2.5,2.5,2.5,2.5,NA,70,-72.6951066,-38.35393357,CIREN
57,2.5,2.5,2.5,2.4948902943752604,2.3211303451871315,2.5,105,-72.5231478,-37.56737951,CIREN
58,2.5,2.5,2.5,2.5,2.5,2.5,120,-73.67901325,-42.92650527,CIREN
60,2.5,2.5,2.5,2.5,2.5,2.5,102,-71.08554048,-33.46097471,CIREN
62,2.5,2.5,2.5,2.5,2.5,2.5,114,-70.66274515,-33.88263491,CIREN
64,2.5,2.5,2.5,2.5,NA,NA,57,-71.00711776,-33.70499012,CIREN
65,2.5,2.5,2.5,2.5,2.5,NA,80,-72.80273466,-40.35160362,CIREN
66,2.5,2.5,2.5,2.5,NA,NA,55,-71.62194255,-35.9447662,CIREN
69,2.5,2.5,2.5,2.5,2.5,NA,95,-72.85076127,-38.62270199,CIREN
70,2.5,2.5,2.5,2.5,2.5,NA,90,-71.2037072,-33.72942791,CIREN
75,2.5,2.5,1.4384182693155567,1.510745923543412,2.5,2.5,160,-72.57377605,-37.47245873,CIREN
76,2.5,2.5,2.5,2.5,1.7305735943093208,2.5,120,-71.23870755,-29.92877384,CIREN
77,2.5,2.5,2.5,2.5,NA,NA,55,-73.71098565,-42.30054301,CIREN
79,2.5,2.5,2.5,2.5,2.5,2.5,102,-71.86694072,-35.73096903,CIREN
82,2.5,2.5,2.5,2.5,2.5,2.5,140,-72.1081172,-36.7887521,CIREN
85,2.5,2.5,2.5,2.5,2.5,2.5,120,-73.26666548,-37.25275453,CIREN
89,2.5,2.5,2.5,2.5,2.5,NA,100,-72.06041617,-38.9285299,CIREN
90,2.5,2.5,2.5,2.5,2.5,2.5,112,-72.53061634,-37.49544307,CIREN
92,2.5,2.5,2.5,2.5,2.5,2.5,110,-72.9644769,-37.82363806,CIREN
94,2.5,2.5,2.5,2.5,2.5,2.5,130,-72.24699295,-36.49204391,CIREN
95,2.5,2.5,2.5,2.5,NA,NA,55,-70.985489,-31.78165262,CIREN
97,2.5,2.5,2.5,2.5,2.5,NA,65,-73.55048343,-41.00433857,CIREN
99,2.5,2.5,2.5,2.5,2.5,2.5,115,-73.6990148,-41.90862962,CIREN
100,1.3329417317788552,0.9415806914377294,0.19966503623337054,0.26944175637349194,0.0014178052442401943,0.032020541516418886,108,-72.19388675,-37.10810197,CIREN
101,2.5,2.5,2.5,2.5,2.5,2.5,170,-72.3252344,-36.84393826,CIREN
103,2.5,2.5,2.5,2.5,2.5,NA,90,-72.49679156,-37.50914447,CIREN
106,14.4,14.4,14.4,NA,NA,NA,22,-70.52628489,-29.90872361,CIREN
107,2.5,2.5,2.5,2.5,2.5,2.5,150,-72.48689735,-37.92029767,CIREN
108,2.5,2.5,2.5,2.5,NA,NA,55,-70.70768854,-31.88039492,CIREN
109,2.5,2.5,2.5,2.5,2.5,2.5,110,-72.64551053,-41.42352499,CIREN
110,2.5,2.5,2.5,2.5,2.5,2.5,140,-72.81492506,-37.09098692,CIREN
111,2.5,2.5,2.5,2.5,2.5,2.5,115,-72.55955021,-36.25919757,CIREN
112,2.5,2.5,2.5,2.5,2.5,NA,70,-73.53773761,-37.32149028,CIREN
115,2.5,2.5,2.5,2.5,2.5,2.5,120,-70.84505936,-33.71277502,CIREN
118,2.5,2.5,2.5,2.5,2.5,2.5,120,-72.74581314,-40.43428433,CIREN
119,2.5,2.5,2.5,2.5,2.5,2.5,118,-71.38793896,-33.28782342,CIREN
120,2.5,2.5,2.5,2.5,2.5,NA,86,-72.10023293,-39.8451942,CIREN
121,2.5,2.5,2.5,2.5,2.5,2.5,130,-72.81527022,-39.92483726,CIREN
123,2.5,2.5,2.5,2.5,2.5,2.5,120,-71.77941331,-38.46436865,CIREN
124,2.5,2.5,2.5,2.5,2.5,2.5,125,-71.81943449,-36.63062249,CIREN
127,2.5,2.5,2.5,2.5,2.5,2.5,120,-73.3252353,-40.60087948,CIREN
129,2.5,2.5,2.5,2.5,2.5,2.5,130,-71.2457258,-35.25739778,CIREN
130,0.9651017480186699,2.5,2.5,2.5,2.5,NA,64,-71.77966283,-35.34905764,CIREN
131,2.5,2.5,2.5,2.5,2.5,NA,95,-72.69185273,-40.3575518,CIREN
134,2.5,2.5,2.5,2.5,NA,NA,43,-71.77222129,-36.52989584,CIREN
135,2.5,2.5,2.5,2.5,2.5,2.5,113,-73.61191255,-42.33720749,CIREN
136,2.5,2.5,2.5,2.5,2.5,NA,80,-71.69721623,-35.45007581,CIREN
137,2.5,2.5,2.5,2.5,2.5,NA,90,-72.16519806,-36.53112663,CIREN
138,2.5,2.5,2.5,2.5,2.5,2.5,110,-71.5666817,-36.05231629,CIREN
140,0.6,0.6,0.6,0.5999999999999999,0.5999999999999999,NA,85,-72.42061899,-37.53679327,CIREN
142,2.5,2.5,2.5,2.5,2.5,NA,85,-72.86391907,-37.80428466,CIREN
145,2.5,2.5,2.5,2.5,2.5,NA,100,-72.40011493,-38.05852516,CIREN
147,2.5,2.5,2.5,2.5,2.5,NA,80,-71.01548493,-31.80147537,CIREN
149,2.5,2.5,2.5,2.5,2.5,NA,80,-72.62412548,-39.04953167,CIREN
150,2.5,2.5,1.2993265336791737,1.4393159931464785,NA,NA,57,-73.06148219,-41.13631084,CIREN
151,2.5,2.5,2.5,2.5,2.5,NA,90,-71.96361717,-36.60008585,CIREN
152,2.5,2.5,2.5,2.5,2.5,2.5,150,-72.54194804,-37.73537528,CIREN
154,2.5,2.5,2.5,2.5,2.5,NA,65,-70.71220739,-34.06873544,CIREN
157,2.5,2.5,2.5,2.5,2.5,2.5,120,-72.94853094,-38.97946796,CIREN
158,2.5,2.5,2.5,2.5,2.5,NA,70,-70.71112414,-34.06875053,CIREN
162,2.5,2.5,2.5,2.5,2.5,2.5,106,-72.88431803,-38.69269482,CIREN
163,2.5,2.5,2.5,2.5,NA,NA,41,-71.25947272,-33.72926726,CIREN
164,0,1.718793169560656,2.5,2.5,2.5,2.5,102,-70.81666786,-33.12883154,CIREN
166,2.5,2.5,2.5,2.5,2.5,2.5,108,-71.21532065,-34.01763188,CIREN
168,2.5,2.5,2.5,2.5,2.5,NA,90,-73.40365986,-39.9326311,CIREN
170,2.5,2.5,2.5,2.5,2.5,NA,80,-71.3342922,-35.39454349,CIREN
171,2.5,2.5,2.5,2.5,2.5,2.5,150,-72.94172765,-40.46586407,CIREN
174,2.5,2.5,2.5,2.5,2.5,2.5,120,-72.36184887,-39.60460936,CIREN
176,2.5,2.5,2.5,2.5,2.5,2.5,110,-73.31420668,-40.73358354,CIREN
177,2.5,2.5,2.5,2.5,2.5,2.5,120,-73.58321145,-40.919615,CIREN
178,2.5,2.5,2.5,2.5,2.5,2.5,125,-71.87630018,-36.324661,CIREN
179,2.5,2.5,2.5,2.5,2.5,NA,70,-70.70841403,-33.86848367,CIREN
181,2.5,2.5,2.5,2.5,2.5,NA,77,-71.12132587,-31.60764084,CIREN
182,2.5,2.5,2.5,2.5,2.5,2.5,123,-71.52799922,-31.61917498,CIREN
183,2.5,2.5,2.5,2.5,2.5,NA,70,-72.68572105,-39.91511837,CIREN
187,2.5,2.5,2.5,2.5,2.5,NA,85,-73.80798481,-42.78383611,CIREN
188,2.5,2.5,2.5,2.5,2.5,NA,70,-71.10491905,-31.59979473,CIREN
189,2.5,2.5,2.5,2.5,2.5,NA,100,-72.7979509,-40.26323136,CIREN
192,2.5,2.5,2.5,2.5,2.5,2.5,150,-72.71610449,-36.28337855,CIREN
195,0.3739772831848773,0.30123541628948663,0.06995873675308577,0,NA,NA,35,-72.604091,-44.85828232,CIREN
196,2.5,2.5,2.5,2.4997647965388485,NA,NA,57,-71.28086888,-33.83704457,CIREN
197,2.5,2.5,2.5,2.5,2.5,2.5,120,-72.72740568,-37.40251869,CIREN
198,2.5,2.5,2.5,2.5,2.5,NA,90,-71.90416387,-37.12727376,CIREN
201,2.5,2.5,2.5,2.5,2.5,2.5,120,-73.02310063,-38.07426331,CIREN
204,2.5,2.5,2.5,2.5,2.5,2.5,120,-71.35944564,-33.68327947,CIREN
205,2.5,2.5,2.5,2.5,2.5,2.5,120,-71.7996049,-35.3531037,CIREN
206,2.5,2.5,2.5,2.5,2.5,2.5,120,-71.51594427,-33.96372998,CIREN
210,2.5,2.5,2.5,2.5,2.5,2.5,150,-72.40048595,-36.6410312,CIREN
214,2.5,2.5,2.5,2.5,2.5,2.5,110,-71.59186588,-35.39379577,CIREN
215,2.5,2.5,2.5,2.5,2.5,NA,90,-72.27452425,-39.57466949,CIREN
216,2.5,2.5,2.5,2.5,2.5,2.5,120,-73.43547438,-41.68963222,CIREN
217,2.5,2.5,2.5,2.5,2.5,2.5,110,-72.95075641,-39.57865869,CIREN
220,2.5,2.5,2.5,2.5,2.5,2.5,150,-73.05921313,-38.04467344,CIREN
221,2.5,2.5,2.5,2.5,2.5,2.5,107,-70.83567665,-33.32064026,CIREN
223,21.9,21.9,21.9,NA,NA,NA,18,-71.50087838,-35.61925878,CIREN
225,2.5,2.5,2.5,2.5,1.9322752110629198,NA,90,-71.98481967,-39.36515528,CIREN
226,2.5,2.5,2.5,2.5,2.5,NA,80,-71.65078233,-35.81254132,CIREN
227,2.5,2.5,2.5,2.5,2.5,NA,82,-72.61813739,-39.38132498,CIREN
228,2.5,2.5,2.5,2.5,2.5,NA,100,-72.44872433,-37.64148304,CIREN
229,19.6,19.6,19.6,NA,NA,NA,16,-70.91952076,-33.64040225,CIREN
230,0,1.4784382246034342,2.5,2.5,2.5,2.5,150,-72.09944288,-38.57044183,CIREN
232,2.5,2.5,2.5,2.5,NA,NA,40,-73.45132327,-39.97292421,CIREN
233,2.5,2.5,2.5,2.5,2.5,2.5,130,-71.77402496,-35.28068512,CIREN
238,2.5,2.5,2.5,2.5,2.5,2.5,120,-73.44245009,-37.32351936,CIREN
239,2.5,2.5,2.5,2.5,2.5,2.5,130,-72.30299667,-39.85999427,CIREN
241,0,0,0,0,0,NA,100,-73.18612202,-37.18828488,CIREN
243,2.5,2.5,2.5,2.5,2.5,NA,100,-72.72416744,-41.2440759,CIREN
244,2.5,2.5,2.5,2.5,NA,NA,41,-71.2985001,-34.35308499,CIREN
246,2.5,2.5,2.5,2.5,2.5,2.5,118,-71.3875378,-33.35185032,CIREN
247,2.5,2.5,2.5,2.5,2.5,NA,96,-71.25235964,-34.33500972,CIREN
248,2.5,2.5,2.4520549445335296,1.6905432730237866,NA,NA,59,-71.15395981,-34.48193853,CIREN
249,2.5,2.5,2.5,2.5,NA,NA,56,-72.30037308,-38.59868091,CIREN
251,2.5,2.5,2.5,2.5,NA,NA,50,-71.28217631,-30.10844788,CIREN
254,2.5,2.5,2.5,2.5,2.5,2.5,110,-73.05086743,-40.26010746,CIREN
256,2.5,2.5,2.5,2.5,2.5,2.5,110,-72.5240373,-37.48899095,CIREN
258,2.5,2.5,2.5,2.5,2.5,NA,78,-71.28413695,-33.50616427,CIREN
260,2.5,2.5,2.5,2.5,2.5,2.5,150,-72.56692704,-39.35143644,CIREN
261,2.5,2.5,2.5,2.5,2.5,2.5,120,-70.70322281,-33.63365222,CIREN
264,2.5,2.5,2.5,2.5,2.5,NA,90,-73.7994099,-42.05202408,CIREN
266,2.5,2.5,2.5,2.5,2.5,NA,100,-72.60732486,-42.40483746,CIREN
268,2.5,2.5,2.5,2.5,2.4021781432055054,1.2276307590763236,120,-71.60637995,-36.51290953,CIREN
270,2.5,2.5,2.5,2.5,2.5,NA,100,-71.81517439,-35.61051775,CIREN
271,2.5,2.5,2.5,2.5,2.5,2.5,140,-73.43318759,-37.28013959,CIREN
272,2.5,2.5,2.5,2.5,2.5,2.5,120,-72.61010278,-38.77931309,CIREN
274,2.5,2.5,2.5,2.5,2.5,2.5,140,-72.69905822,-38.15622525,CIREN
275,2.5,2.5,2.5,2.5,NA,NA,58,-71.45957747,-31.62231559,CIREN
280,2.5,2.5,2.5,2.5,2.5,NA,80,-71.20096976,-34.53068732,CIREN
281,2.5,2.5,2.5,2.5,2.5,2.5,112,-73.44785946,-41.67449407,CIREN
284,2.5,2.5,2.5,2.5,2.5,NA,70,-71.4438516,-31.58519029,CIREN
285,2.5,2.5,2.5,2.5,2.5,NA,100,-71.73751278,-35.24095633,CIREN
286,2.5,2.5,2.5,2.176496334051917,2.5,NA,90,-73.70702893,-42.34597449,CIREN
287,2.5,2.5,2.5,2.5,2.5,2.5,120,-72.06084523,-39.33885637,CIREN
289,2.5,2.5,2.5,2.5,2.5,NA,82,-70.80133518,-33.42748408,CIREN
290,2.5,2.5,2.5,2.5,2.5,NA,95,-71.85647305,-38.87604473,CIREN
291,2.5,2.5,2.5,2.5,NA,NA,35,-71.56805548,-37.30499689,CIREN
292,2.5,2.5,2.5,2.5,2.5,NA,75,-71.65094453,-35.91708969,CIREN
293,2.5,2.5,2.5,2.5,2.5,NA,100,-73.38366684,-37.25405693,CIREN
294,2.5,2.5,2.5,2.5,2.5,NA,80,-70.97174415,-34.41919644,CIREN
297,2.5,2.5,2.5,2.5,2.5,2.5,120,-72.91338174,-40.35275246,CIREN
298,2.5,2.5,2.5,2.5,2.5,2.5,120,-71.96073617,-36.81643138,CIREN
299,2.5,2.5,2.5,2.5,2.5,2.5,140,-71.80375802,-36.64541168,CIREN
300,2.5,2.5,2.5,2.5,2.5,2.5,150,-73.21229202,-41.32970875,CIREN
301,2.5,2.5,2.5,2.5,2.5,2.5,120,-72.51929855,-37.63218008,CIREN
302,2.5,2.5,2.5,2.5,2.5,2.5,120,-72.48994988,-38.59479625,CIREN
303,2.5,2.5,2.5,2.5,2.4999530293066554,1.745722284924028,110,-72.61098144,-37.54665932,CIREN
304,2.5,2.5,2.5,2.5,2.5,2.5,105,-72.35160779,-36.36958478,CIREN
305,2.5,2.5,2.5,2.5,2.5,NA,95,-72.35371461,-36.37323803,CIREN
307,2.5,2.5,2.5,2.5,NA,NA,55,-72.75031032,-38.7496618,CIREN
311,2.5,2.5,2.5,2.5,2.5,2.5,120,-72.96352448,-40.42750987,CIREN
313,2.5,2.5,2.5,2.5,2.5,NA,75,-72.60732486,-42.40483746,CIREN
314,2.5,2.5,2.5,2.5,2.5,2.5,120,-71.05515898,-33.58474028,CIREN
315,2.5,2.5,2.5,2.5,2.5,NA,65,-72.83918425,-40.09420196,CIREN
316,2.5,2.5,2.5,2.5,2.5,NA,100,-72.50009664,-37.25689153,CIREN
317,2.5,2.5,2.5,2.5,2.5,NA,95,-71.74230593,-35.80327649,CIREN
318,2.5,2.5,2.5,2.5,2.5,NA,85,-71.34720801,-35.38437731,CIREN
322,2.5,2.5,2.5,2.5,NA,NA,60,-71.22728938,-34.37333532,CIREN
323,2.5,2.5,2.5,2.5,2.5,2.5,125,-71.38450127,-33.90639154,CIREN
324,8.5,8.5,8.5,8.5,NA,NA,39,-71.11898352,-29.94852593,CIREN
325,2.5,2.5,2.5,2.5,2.5,NA,80,-72.02634517,-39.30552758,CIREN
327,2.5,2.5,2.5,2.5,2.5,2.5,120,-73.42756013,-37.92536728,CIREN
328,0,0,0,0,NA,NA,50,-71.97753062,-37.33324107,CIREN
329,2.5,2.5,2.5,2.5,2.5,2.5,136,-72.25451283,-38.65707278,CIREN
330,2.5,2.5,2.5,2.5,2.5,NA,100,-71.48915555,-35.31122478,CIREN
331,2.5,2.5,2.5,2.5,NA,NA,50,-71.80766075,-36.27402341,CIREN
332,2.5,2.5,2.5,2.431818486883458,0.5576682553467919,0.30827344820175245,210,-72.40424424,-40.71670186,CIREN
333,2.5,2.5,2.5,2.5,2.5,NA,90,-72.27176204,-39.61513769,CIREN
334,2.5,2.5,2.5,2.5,2.5,NA,66,-73.92297368,-42.56749669,CIREN
335,2.5,2.5,2.5,2.5,2.5,NA,70,-70.5222319,-30.01659596,CIREN
336,2.5,2.5,2.5,2.5,NA,NA,46,-72.60904123,-39.01714939,CIREN
337,2.5,2.5,2.5,2.5,2.5,NA,88,-71.38487797,-33.91990836,CIREN
338,2.5,2.5,2.5,2.5,2.5,2.5,104,-72.38167247,-37.45303706,CIREN
341,2.5,2.5,2.5,2.5,2.5,2.5,120,-70.84456437,-33.1302252,CIREN
342,2.5,2.5,2.5,2.5,2.5,NA,73,-71.28465132,-34.44350156,CIREN
343,2.5,2.5,2.5,2.5,2.5,NA,100,-70.73044844,-34.32546734,CIREN
344,2.5,2.5,2.5,2.5,2.5,2.5,115,-71.18678799,-33.48718241,CIREN
345,2.5,2.5,1.526697626223455,0.38942893204595347,0.7223369951724705,2.5,118,-73.01783814,-41.47693188,CIREN
346,2.5,2.5,2.5,2.5,2.5,2.5,130,-72.59706123,-40.63845675,CIREN
347,2.5,2.5,2.5,2.5,2.5,2.5,110,-70.85369481,-33.86322753,CIREN
348,2.5,2.5,2.5,2.5,2.5,2.5,115,-72.45821871,-36.19588279,CIREN
349,2.5,2.5,2.5,2.5,2.5,2.5,110,-73.5317976,-40.69376764,CIREN
350,2.5,2.5,2.5,2.5,1.8073216461676842,NA,100,-71.25811723,-33.87000395,CIREN
352,2.5,2.5,2.5,2.5,NA,NA,60,-72.45232722,-38.45703105,CIREN
354,2.5,2.5,2.5,2.5,2.5,2.5,120,-73.30630478,-38.78877722,CIREN
355,2.5,2.5,2.37884333018347,0.1704397939799989,1.9212686836695652,2.5,160,-73.0867416,-39.67197056,CIREN
357,2.5,2.5,2.5,2.5,2.5,2.5,112,-71.76862116,-35.89190005,CIREN
358,2.5,2.5,2.5,2.5,2.5,NA,80,-72.57585453,-42.36996001,CIREN
359,2.5,2.5,2.5,2.5,2.5,NA,100,-71.19562229,-31.6478738,CIREN
360,2.5,2.5,2.5,2.5,2.5,2.5,150,-73.1920735,-39.11640142,CIREN
361,2.5,2.5,2.4649062939562567,1.8459966124091458,NA,NA,46,-72.14505439,-36.88011427,CIREN
362,2.5,2.5,2.5,2.5,2.5,NA,70,-70.48107196,-30.10729583,CIREN
364,2.5,2.5,2.5,2.253853209349569,2.5,2.5,110,-70.88250415,-33.40019875,CIREN
365,2.5,2.5,2.5,2.5,2.5,NA,70,-71.25519582,-31.73522187,CIREN
367,2.5,2.5,2.5,2.5,2.5,NA,76,-71.3391856,-34.33067636,CIREN
369,2.5,2.5,2.5,2.5,2.5,2.5,120,-73.51901033,-40.57604938,CIREN
372,2.5,2.5,2.5,2.5,NA,NA,55,-71.32151239,-33.81653085,CIREN
373,2.5,2.5,2.5,2.5,2.5,NA,100,-73.39010134,-38.77419766,CIREN
376,2.5,2.5,2.5,2.5,2.5,2.5,120,-73.06616466,-38.7282863,CIREN
377,2.5,2.5,2.5,2.5,NA,NA,60,-71.62135158,-35.79245669,CIREN
378,2.5,2.5,2.5,2.5,2.5,2.5,110,-70.98303871,-30.01496878,CIREN
379,2.5,2.5,1.750452993918174,0.003334583035360228,0.11569229281627655,0,104,-72.662115,-41.04287738,CIREN
380,2.5,2.5,2.5,2.5,2.5,2.5,115,-72.56574936,-37.70163012,CIREN
383,2.5,2.5,2.5,2.5,NA,NA,53,-71.07528112,-29.98909744,CIREN
384,2.5,2.5,2.5,2.5,2.5,2.5,120,-72.02154199,-38.99080318,CIREN
385,2.5,2.5,2.5,2.5,NA,NA,55,-71.23546365,-30.10744731,CIREN
386,2.5,2.5,2.5,2.5,2.5,NA,100,-71.01537702,-31.78677512,CIREN
387,2.5,2.5,2.5,2.5,2.5,NA,80,-71.73620381,-35.39782138,CIREN
388,2.5,2.5,2.5,2.5,2.5,2.5,120,-72.42342361,-36.69110141,CIREN
390,2.5,2.5,2.5,2.5,2.5,NA,87,-71.28285858,-34.06793261,CIREN
391,2.5,2.5,2.5,1.6515458556598628,1.6299332733503347,NA,100,-72.40426454,-36.77810494,CIREN
392,2.5,2.5,2.5,2.5,2.5,NA,70,-70.69668594,-33.07641198,CIREN
393,2.5,2.5,0.8233279457668339,2.4056374486833745,2.5,NA,80,-71.41891698,-32.12451636,CIREN
397,2.5,2.5,2.5,2.5,2.5,NA,92,-72.2620899,-38.63923154,CIREN
399,2.5,2.5,2.5,2.5,2.5,2.5,120,-72.07596024,-36.43975453,CIREN
400,2.5,2.5,2.5,2.5,2.5,2.5,120,-73.23071426,-38.6326702,CIREN
402,2.5,2.5,2.5,2.5,2.5,2.5,120,-73.21229202,-41.32970875,CIREN
403,2.5,2.5,2.5,2.5,2.5,2.5,110,-72.46534815,-37.58597579,CIREN
404,2.5,2.5,2.5,2.5,2.5,NA,90,-71.44879746,-35.79339302,CIREN
405,2.5,2.5,2.5,2.5,2.5,2.5,110,-72.59836502,-40.2876315,CIREN
406,0.7771971551167542,0.9220800482831847,1.4532347386828193,1.4044408385274154,2.489338514037668,NA,90,-72.51625491,-37.65554145,CIREN
407,2.5,2.5,2.5,2.5,2.5,2.5,130,-73.5432926,-40.92587123,CIREN
408,2.5,2.5,2.5,2.5,2.5,2.3124485391148513,120,-73.03298577,-38.02441915,CIREN
409,2.5,2.5,2.5,2.5,2.5,NA,80,-72.93522489,-40.29278791,CIREN
410,2.5,2.5,2.5,2.5,2.5,2.5,105,-70.82973323,-33.49838176,CIREN
412,2.5,2.5,2.5,2.5,2.5,NA,90,-70.75252318,-34.13218908,CIREN
413,2.5,2.5,2.5,2.5,2.5,2.5,120,-71.77894425,-35.45633277,CIREN
414,2.5,2.5,2.5,2.5,2.5,NA,100,-71.85117182,-38.43876729,CIREN
416,2.5,2.5,2.5,2.5,2.5,2.5,120,-72.3764375,-40.35352116,CIREN
417,2.5,2.5,2.5,2.5,2.5,2.5,120,-70.78958051,-33.06158529,CIREN
418,15.9,15.9,15.9,NA,NA,NA,27,-72.89493984,-40.75462468,CIREN
419,1.0803404811576165,2.5,2.5,1.777342739800192,2.5,NA,90,-72.95163704,-39.56876669,CIREN
420,6.1,6.1,6.1,NA,NA,NA,26,-71.2435823,-30.00284492,CIREN
421,2.5,2.5,2.5,2.5,2.5,2.5,145,-71.69725818,-36.45816616,CIREN
422,2.5,2.5,2.5,2.5,2.5,NA,100,-72.84863849,-38.05633419,CIREN
423,2.5,2.5,2.5,2.5,2.5,NA,90,-71.29048212,-33.62461713,CIREN
425,2.5,2.5,2.5,2.5,2.5,NA,100,-72.58299976,-37.46678259,CIREN
427,2.5,2.5,2.5,2.5,NA,NA,32,-72.18586756,-36.5153921,CIREN
428,5.5,5.5,5.5,NA,NA,NA,20,-71.74254054,-35.61670072,CIREN
431,2.5,2.5,2.5,2.5,NA,NA,54,-72.65961621,-39.75378898,CIREN
432,2.5,2.5,2.5,2.5,2.5,2.5,103,-72.10962906,-38.65989198,CIREN
433,2.5,2.5,2.5,2.5,2.5,NA,90,-71.45108164,-35.28856596,CIREN
434,2.5,2.5,2.5,2.5,2.5,NA,90,-70.88948583,-30.40401591,CIREN
435,2.5,2.5,2.5,2.5,2.5,NA,94,-72.13497419,-38.47041318,CIREN
436,2.5,2.5,2.5,2.5,2.5,NA,90,-71.00305357,-31.78823239,CIREN
437,2.5,2.5,2.5,2.5,2.5,2.5,120,-71.35522176,-33.9033487,CIREN
438,2.5,2.5,2.5,2.5,2.5,2.5,120,-72.78038106,-38.20284273,CIREN
442,2.5,2.5,2.5,2.1845558264103033,0.04004724821377151,NA,70,-70.75606843,-33.52830549,CIREN
443,2.5,2.5,2.5,2.5,NA,NA,57,-71.10623843,-34.0232731,CIREN
444,2.5,2.5,2.5,2.5,2.5,2.5,250,-72.83227221,-37.77982684,CIREN
446,0.9851960244221442,1.3735391584276178,1.321703020835176,0.03782543659253624,0.029313470849312115,NA,90,-72.35951685,-37.08540978,CIREN
447,2.5,2.5,2.5,2.5,2.5,NA,90,-71.04075133,-34.48298063,CIREN
450,2.5,2.5,2.5,2.5,2.5,NA,100,-71.56153732,-35.37461255,CIREN
451,2.5,2.5,2.5,2.5,NA,NA,50,-72.84131976,-37.16014928,CIREN
452,2.5,2.5,2.5,2.5,2.5,NA,85,-70.81246292,-33.34082102,CIREN
455,2.5,2.5,2.5,2.5,2.5,NA,64,-72.81027137,-38.76432051,CIREN
456,2.5,2.5,2.5,2.5,NA,NA,45,-73.90044502,-42.70551655,CIREN
458,2.5,2.5,2.5,2.5,2.5,2.5,150,-72.57366417,-36.33879589,CIREN
459,2.5,2.5,2.5,2.5,2.5,2.5,120,-72.70199965,-36.04208877,CIREN
460,2.5,2.5,2.5,2.5,NA,NA,58,-71.05809682,-31.78942879,CIREN
461,2.5,2.5,2.5,2.5,2.5,2.5,138,-72.50696803,-37.5264825,CIREN
462,2.5,2.5,2.5,2.5,2.5,2.5,120,-70.66411046,-31.89666824,CIREN
463,2.5,2.5,2.5,2.5,2.5,2.5,120,-73.13164587,-39.14923818,CIREN
464,2.5,2.5,2.5,2.5,2.5,2.5,150,-72.95529816,-36.57434108,CIREN
466,2.5,2.5,2.5,2.5,2.5,2.5,150,-72.58756035,-37.09468753,CIREN
468,2.5,2.5,2.5,2.5,2.5,NA,90,-71.372951,-33.70375839,CIREN
469,2.5,2.5,2.5,2.5,2.5,2.5,120,-71.95958369,-36.40643587,CIREN
470,2.5,2.5,2.5,2.5,2.5,NA,70,-72.04915903,-36.55805088,CIREN
473,2.5,2.5,2.5,2.5,2.5,NA,72,-70.79219434,-34.11087699,CIREN
474,2.5,2.5,2.5,2.5,2.5,2.5,140,-72.1612373,-36.33366984,CIREN
475,2.5,2.5,2.5,2.5,2.5,2.5,120,-71.39858855,-33.98455711,CIREN
476,2.5,2.5,2.5,2.5,2.5,NA,100,-72.82179814,-38.01979204,CIREN
477,2.5,2.5,2.5,2.5,2.5,2.5,116,-71.89316034,-37.28127078,CIREN
478,2.5,2.5,2.5,2.5,2.5,2.5,110,-71.87978642,-36.59988981,CIREN
479,2.5,2.5,2.5,2.5,2.5,2.5,110,-71.80143005,-35.34224538,CIREN
480,2.5,2.5,2.5,2.5,2.5,NA,100,-71.3522359,-31.62884851,CIREN
481,2.5,2.5,2.5,2.5,2.5,2.5,200,-73.14994668,-39.7495806,CIREN
484,2.5,2.5,2.5,2.5,2.5,NA,80,-73.03569957,-39.70400108,CIREN
485,2.5,2.5,2.5,2.5,2.5,NA,91,-70.69985299,-33.84560716,CIREN
486,2.5,2.5,2.5,NA,NA,NA,24,-71.84323544,-35.71711149,CIREN
488,2.5,2.5,2.5,2.5,NA,NA,55,-72.31489251,-38.20753099,CIREN
489,2.5,2.5,2.5,2.5,2.5,NA,67,-70.70066238,-30.02253102,CIREN
490,2.5,2.5,2.5,2.5,NA,NA,50,-71.76476461,-36.00374688,CIREN
491,2.5,2.5,2.5,2.5,2.5,NA,100,-72.24372427,-39.30818982,CIREN
492,2.5,2.5,2.5,2.5,2.5,2.5,120,-71.3365836,-33.9731283,CIREN
494,2.5,2.5,2.5,2.5,2.5,NA,66,-72.33624165,-38.68419861,CIREN
496,2.5,2.5,2.5,2.5,2.5,2.5,120,-71.10636368,-33.80867287,CIREN
498,2.5,2.5,2.5,2.479519591243884,1.4325911762102823,NA,70,-71.23733532,-30.07539074,CIREN
500,2.5,2.5,2.5,1.6235352744929303,2.0178735168216915,2.5,125,-71.97399254,-37.09995003,CIREN
501,2.5,2.5,2.5,2.5,NA,NA,51,-70.9839199,-34.47399892,CIREN
503,2.5,2.5,2.5,2.5,2.5,2.5,130,-71.97702191,-45.55663466,CIREN
504,2.5,2.5,2.5,2.5,2.5,NA,90,-71.71092801,-46.54208229,CIREN
505,2.5,2.5,2.5,2.5,2.5,2.5,108,-71.69060128,-46.53986255,CIREN
506,2.5,2.5,2.5,2.5,2.5,2.5,120,-71.99720798,-45.68302328,CIREN
507,2.5,2.5,2.5,2.5,2.5,2.5,105,-71.70411438,-45.93723751,CIREN
508,2.5,2.5,2.5,2.5,2.5,2.5,110,-71.93054899,-45.81292892,CIREN
509,2.5,2.5,2.5,2.5,2.5,NA,82,-71.18013099,-28.46354955,CIREN
510,2.5,2.5,2.5,2.5,2.5,NA,65,-71.09941136,-28.50722947,CIREN
511,2.5,2.5,2.5,2.5,2.5,NA,80,-72.64702168,-47.32350256,CIREN
512,2.5,2.5,2.5,2.4657405589331924,2.5,2.5,103,-72.39495855,-43.96559031,CIREN
513,2.5,2.5,2.5,2.5,2.5,NA,67,-72.61853116,-46.55437012,CIREN
514,2.5,2.5,2.5,2.5,2.5,NA,78,-72.06719826,-47.11078642,CIREN
561,2.5,2.5,2.5,2.5,NA,NA,34,-72.30088747,-36.75507138,CIREN
562,2.5,2.5,2.5,2.5,2.5,2.5,150,-73.37410513,-37.91418464,CIREN
564,2.5,2.5,2.5,2.5,2.5,2.5,115,-71.64088916,-35.8812591,CIREN
571,2.5,2.5,2.5,1.5143515426522556,1.779838239134647,2.5,120,-70.73172407,-34.12256534,CIREN
579,2.5,2.5,2.5,2.5,2.5,NA,65,-71.68296667,-35.45219626,CIREN
583,2.5,2.5,2.5,2.5,2.5,NA,100,-71.76397944,-35.40530061,CIREN
585,2.5,2.5,2.5,2.5,2.5,NA,70,-71.15253172,-32.85431713,CIREN
586,2.5,2.5,2.5,2.5,2.5,2.5,120,-71.49950892,-33.2510051,CIREN
587,2.5,2.5,2.5,2.5,2.5,2.5,110,-71.33367385,-33.33439021,CIREN
588,2.5,2.5,2.5,2.5,2.5,1.8379390439711116,125,-71.4508471,-33.25693337,CIREN
589,2.5,2.5,2.5,2.5,2.0330300826618046,NA,100,-71.31100844,-33.31813281,CIREN
591,2.5,2.5,2.5,2.5,NA,NA,60,-70.88971072,-32.41420629,CIREN
595,35,35,NA,NA,NA,NA,10,-71.25071,-30.20157,CHLSOC
596,10,10,NA,NA,NA,NA,10,-73.38968,-38.77412,CHLSOC
597,61,61,NA,NA,NA,NA,10,-72.1112,-39.85941,CHLSOC
598,38,38,NA,NA,NA,NA,10,-73.41283,-39.93245,CHLSOC
599,15,15,NA,NA,NA,NA,10,-73.15404,-40.9034,CHLSOC
600,15,15,NA,NA,NA,NA,10,-73.82429,-42.42186,CHLSOC
601,32,32,NA,NA,NA,NA,10,-73.61712,-43.05791,CHLSOC
602,24,24,NA,NA,NA,NA,10,-72.39653,-43.96393,CHLSOC
603,36,36,NA,NA,NA,NA,10,-72.81482,-45.48736,CHLSOC
604,24,24,NA,NA,NA,NA,10,-72.90757,-45.78639,CHLSOC
605,41,41,NA,NA,NA,NA,10,-72.61276,-46.56823,CHLSOC
606,78,78,NA,NA,NA,NA,10,-71.50008,-31.81284,CHLSOC
607,43,43,NA,NA,NA,NA,10,-72.16487999,-51.80696,CHLSOC
608,41,41,NA,NA,NA,NA,10,-70.9886,-53.43267,CHLSOC
609,28,28,NA,NA,NA,NA,10,-70.36106001,-53.31478,CHLSOC
610,20,20,NA,NA,NA,NA,10,-70.52162,-32.87609,CHLSOC
611,46,46,NA,NA,NA,NA,10,-71.14047,-33.99911,CHLSOC
612,25,25,NA,NA,NA,NA,10,-70.83241999,-33.4778,CHLSOC
613,41,41,NA,NA,NA,NA,10,-71.61243,-33.33901,CHLSOC
614,16,16,NA,NA,NA,NA,10,-71.87564,-33.96865,CHLSOC
615,21,21,NA,NA,NA,NA,10,-71.69721,-36.45816,CHLSOC
616,16,16,NA,NA,NA,NA,10,-73.26686,-37.25344,CHLSOC
2091,2.5,2.5,2.5,2.5,2.5,NA,74,-72.94555953,-47.48234204,CHLSOC
2092,2.4,2.4,NA,NA,NA,NA,8,-72.59043587,-47.2896276,CHLSOC
2099,2.5,2.5,2.5,2.5,1.9146618565955482,2.5,120,-71.7001371,-46.54507242,CHLSOC
2101,2.5,2.5,2.5,2.5,2.5,NA,69,-71.8672515,-46.51644819,CHLSOC
2102,2.5,2.5,2.5,2.5,2.5,NA,65,-72.53019162,-46.75176027,CHLSOC
2107,1.9930842883797677,2.371627190529474,2.5,2.5,2.5,NA,80,-72.71684099,-46.53849301,CHLSOC
2108,2.5,2.5,2.5,2.5,2.5,2.5,168,-72.56091111,-46.12423387,CHLSOC
2109,2.5,2.5,2.5,2.5,2.5,NA,90,-72.0735922,-46.10764901,CHLSOC
2110,2.5,2.5,2.5,2.5,2.5,NA,97,-71.9530782,-46.23658086,CHLSOC
2111,2.5,2.5,2.5,2.5,2.5,2.5,122,-71.94350943,-46.28714194,CHLSOC
2112,1.0608844264305983,2.2751559404102215,2.5,2.5,2.5,NA,100,-72.09926057,-46.2222507,CHLSOC
2113,1.1204913469449171,1.2863386747059675,1.3836483328668405,0.14681590381760642,2.2304874036901516,NA,100,-71.83604749,-45.90280182,CHLSOC
2115,2.5,2.5,2.5,2.5,2.5,2.5,106,-71.78873351,-45.78201941,CHLSOC
2116,2.5,2.5,2.5,2.5,2.5,2.5,178,-72.06091754,-45.75910861,CHLSOC
2117,2.5,2.5,2.5,2.5,2.5,2.5,124,-72.06522654,-45.84895919,CHLSOC
2118,2.5,2.5,2.5,2.5,2.5,NA,80,-72.11269808,-45.75145597,CHLSOC
2119,2.5,2.5,2.5,2.5,2.5,NA,80,-72.19405994,-45.69169256,CHLSOC
2120,2.5,2.4269115939332098,1.675046518210189,2.5,2.5,NA,94,-72.19467987,-45.59553961,CHLSOC
2121,2.5,2.5,2.5,2.5,2.5,2.5,118,-72.01347312,-45.57205753,CHLSOC
2122,2.5,2.5,2.5,2.5,2.5,2.5,155,-72.00266047,-45.44787081,CHLSOC
2124,2.5,2.5,1.911655841871798,2.3742698202298627,2.3772135748309076,NA,88,-72.60571986,-45.35511452,CHLSOC
2126,2.5,2.5,2.294014744483967,2.5,2.5,2.5,130,-72.27508941,-45.86483568,CHLSOC
2127,2.5,2.5,2.5,2.5,2.5,2.5,116,-71.52774381,-45.37193228,CHLSOC
2128,2.5,2.5,2.5,2.5,2.5,NA,80,-71.87770767,-45.13722744,CHLSOC
2129,2.5,2.5,2.2688340605664177,1.2368617717745445,NA,NA,39,-71.86727854,-44.68611968,CHLSOC
2130,2.5,2.5,2.5,2.5,2.5,NA,76,-71.50750907,-44.58309702,CHLSOC
2131,2.5,2.5,1.3888167735087944,1.8140359466991112,2.5,2.4803991469907944,128,-72.61459953,-44.75686683,CHLSOC
2133,2.5,2.5,2.5,2.5,2.5,NA,62,-72.43321968,-44.0476353,CHLSOC
2134,2.5,2.5,2.5,2.5,2.5,2.5,110,-72.9556333,-43.76477928,CHLSOC
2135,2.5,2.5,2.5,2.5,2.5,2.5,130,-72.36576661,-43.84824399,CHLSOC
2136,2.5,2.5,2.5,2.5,2.5,2.5,117,-72.31638957,-43.98892261,CHLSOC
13238,2.5,2.5,2.5,2.5,2.5,2.5,110,-72.49579,-36.026772,UChile
13239,2.5,2.5,2.5,2.5,2.5,2.5,130,-72.495196000000007,-36.032014,UChile
13240,2.5,2.5,2.5,2.5,2.5,2.5,148,-72.481449,-35.992856,UChile
13241,2.5,2.5,2.5,2.5,2.5,2.5,168,-72.474423,-35.994734,UChile
13242,2.5,2.5,2.5,2.5,2.5,2.5,150,-72.3938838,-35.79776622,UChile
13243,2.5,2.5,2.5,2.5,2.5,2.5,140,-72.39300105,-35.79831744,UChile
13244,2.5,2.5,2.0991196124699294,2.494586623877221,2.5,2.5,140,-72.39346647,-35.79806759,UChile
13245,2.5,2.5,2.5,2.5,2.5,2.5,131,-72.40441293,-35.82138872,UChile
13246,2.5,2.5,2.5,2.5,2.1862875108497266,0,110,-72.49881603,-36.26106655,UChile
13247,2.5,2.5,2.5,2.5,2.5,2.5,120,-72.175265,-35.952881,UChile
13248,2.5,2.5,2.5,2.5,2.5,NA,70,-72.471386,-36.045788,UChile
13249,2.5,2.5,2.5,2.5,2.5,2.5,200,-72.29129628,-35.95282623,UChile
13250,2.5,2.5,2.5,2.5,2.5,2.5,170,-72.243081,-35.920117,UChile
13251,2.5,2.5,2.5,2.5,2.5,NA,95,-72.470755,-36.121106,UChile
13252,2.5,2.5,2.5,2.5,2.5,NA,75,-72.30679501,-36.185302,UChile
13253,2.5,2.5,2.5,2.5,2.5,2.5,120,-72.13007499,-35.95471,UChile
13254,2.5,2.5,2.5,2.5,2.5,2.5,135,-72.424173,-36.067436,UChile
13255,2.5,2.5,2.5,2.5,2.5,2.5,130,-72.431076,-36.066443,UChile
13256,2.5,2.5,2.5,2.5,2.5,2.5,145,-72.12433285,-35.93484732,UChile
13257,2.5,2.5,2.5,2.5,2.5,NA,70,-72.12433285,-35.93484732,UChile
13258,2.5,2.5,2.5,2.5,2.5,NA,90,-72.213809,-35.972789,UChile
13259,2.5,2.5,2.5,2.5,2.5,2.5,110,-72.24570739,-35.91953237,UChile
13260,2.5,2.5,2.5,2.5,2.5,2.5,160,-72.401239,-35.81305,UChile
13261,2.5,2.5,2.5,2.5,1.8069314809580792,NA,92,-72.400305,-35.813584,UChile
13262,2.5,2.5,2.5,2.5,2.5,2.5,120,-72.40078899,-35.81332,UChile
13263,2.5,2.5,2.5,2.5,NA,NA,60,-72.313613,-36.176964,UChile
13264,2.5,2.5,2.5,2.5,2.5,2.5,170,-72.306346,-35.816421,UChile
13265,2.5,2.5,2.5,2.5,2.5,2.5,140,-72.211826,-36.073752,UChile
13266,2.5,2.5,2.5,2.5,2.5,NA,85,-72.123489,-35.934552,UChile
13267,2.5,2.5,2.5,2.5,2.5,2.5,135,-72.12460408,-35.9347255,UChile
13268,2.5,2.5,2.5,2.5,2.5,2.5,120,-72.363729,-35.800731,UChile
13269,2.5,2.5,2.5,2.5,2.5,2.5,133,-72.443335,-36.081495,UChile
13270,2.5,2.5,2.5,2.5,2.5,NA,90,-72.473289,-36.044112,UChile
13271,2.5,2.5,2.5,2.5,2.5,2.5,180,-72.30187099,-36.047945,UChile
13272,2.5,2.5,2.5,2.5,2.5,2.5,120,-72.24315828,-35.92113328,UChile
13273,2.5,2.5,2.5,2.5,2.5,2.5,140,-72.479031,-35.998705,UChile
13275,2.5,2.5,2.5,2.5,2.5,2.5,140,-72.469134,-36.042399,UChile
13276,2.5,2.5,2.5,2.5,2.5,2.5,140,-72.209949,-35.975233,UChile
13277,2.5,2.5,2.5,2.5,2.5,2.5,140,-72.387266,-36.06279,UChile
13278,2.5,2.5,2.5,2.5,2.5,2.5,160,-72.326262,-36.037158,UChile
13279,2.5,2.5,2.5,2.5,2.5,2.5,160,-72.301269,-36.043468,UChile
13280,2.5,2.5,2.5,2.5,2.5,2.5,140,-72.402329,-36.069499,UChile
13281,2.5,2.5,2.5,2.5,2.5,NA,92,-72.38347148,-36.08379021,UChile
13282,2.5,2.5,2.5,2.5,2.5,NA,90,-71.00292766,-31.78817214,UChile
13283,2.5,2.5,2.5,2.5,2.5,NA,83,-71.01473349,-31.80689993,UChile
13284,2.5,2.5,2.5,2.5,2.5,NA,100,-70.91364173,-31.82603371,UChile
13285,2.5,2.5,2.5,2.5,2.5,NA,65,-70.86996636,-31.8383171,UChile
13286,2.5,2.5,2.5,2.5,2.5,NA,80,-70.87646639,-31.85406658,UChile
13287,2.5,2.5,2.5,2.5,NA,NA,60,-71.04051089,-31.75142204,UChile
13288,2.5,2.5,2.5,2.5,2.5,NA,90,-71.05753331,-31.78529975,UChile
13289,2.5,2.5,2.5,2.5,2.5,NA,86,-70.900669,-31.82296392,UChile
13290,2.5,2.5,2.5,2.5,2.5,NA,70,-71.1364336,-31.7384108,UChile
13291,2.5,2.5,2.5,2.5,2.5,NA,75,-70.8707473,-31.83706629,UChile
13292,2.5,2.5,2.5,2.5,2.5,NA,98,-71.10792482,-31.60134973,UChile
13293,2.5,2.5,2.5,2.5,NA,NA,60,-71.22630043,-31.66374995,UChile
13294,2.5,2.5,2.5,2.5,2.5,NA,80,-71.1849162,-31.63411638,UChile
13295,2.5,2.5,2.5,2.5,2.5,NA,70,-70.82984421,-31.89256129,UChile
13296,2.5,2.5,2.5,2.5,2.5,NA,75,-70.8422333,-31.8965666,UChile
13297,2.5,2.5,2.5,2.5,2.5,NA,85,-70.93118344,-31.80834961,UChile
13298,2.5,2.5,2.5,2.5,2.5,NA,68,-70.84429988,-31.85278374,UChile
13299,15.62,15.62,15.62,NA,NA,NA,30,-70.83701663,-31.85816675,UChile
13300,2.5,2.5,2.5,2.5,2.5,NA,100,-70.73803365,-31.88199959,UChile
13301,2.5,2.5,2.5,2.5,2.5,NA,70,-70.63668013,-31.90006075,UChile
13302,2.5,2.5,2.5,2.5,2.5,NA,100,-70.87831017,-33.74128284,UChile
13303,2.5,2.5,2.5,2.5,NA,NA,40,-70.88136292,-33.74267913,UChile
13304,12,12,12,NA,NA,NA,20,-70.88198297,-33.74388703,UChile
13305,2.5,2.5,2.5,2.5,2.5,NA,100,-70.61602978,-33.71446973,UChile
13306,2.5,2.5,2.5,2.5,2.5,NA,100,-70.61658914,-33.71552653,UChile
13307,2.5,2.5,2.5,2.5,2.5,NA,100,-70.6167479,-33.71478498,UChile
13308,2.5,2.5,2.5,2.5,2.5,2.5,108,-70.6164175,-33.71097471,UChile
13309,2.5,2.5,2.5,2.5,2.5,2.5,110,-70.61734922,-33.70944749,UChile
13310,2.5,2.5,2.5,2.5,2.5,2.5,110,-70.61583254,-33.70970181,UChile
13311,2.5,2.5,2.5,2.5,2.5,2.5,110,-70.60824039,-33.71166764,UChile
13312,2.5,2.5,2.5,2.5,2.5,2.5,107,-70.60767238,-33.71071913,UChile
13313,2.5,2.5,2.5,2.5,2.5,2.5,117,-70.60908831,-33.71026782,UChile
13314,21.1,21.1,21.1,NA,NA,NA,20,-71.24598787,-34.60985369,UChile
13316,2.5,2.5,2.5,2.5,NA,NA,50,-71.22318211,-34.61947651,UChile
13317,2.5,2.5,2.5,2.5,NA,NA,50,-71.22107635,-34.61984846,UChile
13320,2.5,2.5,2.5,2.5,NA,NA,50,-70.97527535,-34.60779414,UChile
13321,2.5,2.5,2.5,2.5,NA,NA,60,-71.41666425,-30.77944442,UChile
13322,2.5,2.5,2.5,2.5,NA,NA,60,-71.16666698,-32.86666656,UChile
13323,2.5,2.5,2.5,2.5,2.5,NA,70,-70.99999958,-33.73333308,UChile
13324,2.5,2.5,2.5,2.5,2.5,NA,90,-71.25585597,-30.58158584,UChile
13325,2.5,2.5,2.5,2.5,NA,NA,60,-71.39601977,-30.69369679,UChile
13326,2.5,2.5,2.5,2.5,2.5,NA,90,-71.16805592,-34.38000019,UChile
13327,2.5,2.5,2.5,2.5,NA,NA,60,-70.74972262,-32.72333291,UChile
13329,2.5,2.5,2.5,2.5,NA,NA,40,-71.71083318,-34.1283331,UChile
13330,2.5,2.5,2.5,2.5,2.5,NA,100,-70.69361102,-30.03583377,UChile
13331,2.5,2.5,2.5,2.5,NA,NA,40,-71.13333313,-30.65000014,UChile
13332,2.5,2.5,2.5,NA,NA,NA,30,-71.39302255,-30.67992462,UChile
13333,22.8,22.8,NA,NA,NA,NA,15,-71.2195621,-34.35080976,UChile
13334,30.8,30.8,30.8,30.8,NA,NA,40,-71.21956199,-34.35080968,UChile
13335,27.7,27.7,27.7,27.7,27.7,NA,75,-71.21956188,-34.35080959,UChile
13336,19.1,19.1,19.1,19.1,NA,NA,45,-71.31264087,-34.41033856,UChile
13337,16.4,16.4,16.4,16.4,16.4,NA,85,-71.31264076,-34.41033847,UChile
13338,16.2,16.2,16.2,16.2,16.2,NA,100,-71.31264065,-34.41033838,UChile
13339,20.9,20.9,20.9,20.9,NA,NA,50,-71.15179946,-34.39732573,UChile
13340,30.6,30.6,30.6,30.6,30.6,NA,95,-71.15179935,-34.39732564,UChile
13341,12.8,12.8,12.8,NA,NA,NA,30,-71.19050401,-34.39502474,UChile
13342,19.6,19.6,19.6,19.6,NA,NA,55,-71.1905039,-34.39502465,UChile
13343,27.2,27.2,27.2,27.2,27.2,NA,85,-71.19050379,-34.39502456,UChile
13344,23.9,23.9,23.9,NA,NA,NA,30,-71.16746085,-34.3799909,UChile
13345,22.9,22.9,22.9,22.9,NA,NA,60,-71.16746074,-34.37999082,UChile
13346,21.8,21.8,21.8,21.8,21.8,NA,90,-71.16746063,-34.37999073,UChile
13347,37.2,37.2,37.2,37.2,NA,NA,40,-71.18249747,-34.39538427,UChile
13348,31.6,31.6,31.6,31.6,31.6,NA,100,-71.18249736,-34.39538418,UChile
13349,25.2,25.2,25.2,25.2,NA,NA,50,-71.23839657,-34.36822796,UChile
13350,25.3,25.3,25.3,25.3,25.3,NA,65,-71.23839646,-34.36822787,UChile
13351,15.5,15.5,15.5,15.5,15.5,NA,95,-71.23839635,-34.36822778,UChile
13352,2.5,2.5,2.5,2.5,2.5,2.5,105,-71.26389163,-34.33145848,UChile
13353,2.5,2.5,2.5,2.5,2.5,NA,90,-71.17582415,-34.40628004,UChile
13354,2.5,2.5,2.5,2.5,2.5,NA,100,-71.03976002,-34.46015024,UChile
13355,14.1,14.1,14.1,NA,NA,NA,25,-71.32267067,-34.41718864,UChile
13356,12.7,12.7,12.7,12.7,12.7,NA,65,-71.32267056,-34.41718855,UChile
13357,10.3,10.3,10.3,10.3,10.3,NA,80,-71.32267044,-34.41718846,UChile
13358,32.2,32.2,32.2,32.2,NA,NA,45,-71.31992116,-34.34225857,UChile
13359,32.1,32.1,32.1,32.1,32.1,NA,80,-71.31992105,-34.34225849,UChile
13360,2.5,2.5,2.5,2.5,2.5,NA,65,-70.96531127,-34.49987886,UChile
13389,2.5,2.5,2.5,2.5,NA,NA,60,-72.62721551,-36.2226805,UChile
13390,2.5,2.5,2.5,2.5,NA,NA,60,-72.47147441,-35.98821631,UChile
13391,2.5,2.5,2.5,2.5,NA,NA,60,-72.57206871,-36.09909782,UChile
13392,2.5,2.5,2.5,2.5,NA,NA,60,-72.50376277,-36.26159468,UChile
13393,2.5,2.5,2.5,2.5,NA,NA,60,-72.46386147,-36.13978128,UChile
13394,2.5,2.5,2.5,2.5,NA,NA,60,-72.37395896,-35.98222486,UChile
13395,2.5,2.5,2.5,2.5,NA,NA,60,-72.41705078,-36.07273519,UChile
13396,2.5,2.5,2.5,2.5,NA,NA,60,-72.47152221,-35.99385569,UChile
13397,2.5,2.5,2.5,2.5,NA,NA,60,-72.39502164,-35.99690372,UChile
13398,2.5,2.5,2.5,2.5,NA,NA,60,-72.35920363,-36.15851707,UChile
13399,2.5,2.5,2.5,2.5,NA,NA,60,-72.50184719,-36.26155173,UChile
13400,2.5,2.5,2.5,2.5,NA,NA,60,-72.53486799,-36.15807679,UChile
13401,2.5,2.5,2.5,2.5,NA,NA,60,-72.56479751,-36.12464291,UChile
13402,2.5,2.5,2.5,2.5,NA,NA,60,-72.55291192,-36.11598603,UChile
13403,2.5,2.5,2.5,2.5,NA,NA,60,-72.66764417,-36.16667459,UChile
13404,2.5,2.5,2.5,2.5,NA,NA,60,-72.46826371,-36.00400611,UChile
13405,2.5,2.5,2.5,2.5,NA,NA,60,-72.57095513,-36.09755423,UChile
13406,2.5,2.5,2.5,2.5,NA,NA,60,-72.3958723,-36.15233641,UChile
13407,2.5,2.5,2.5,2.5,NA,NA,60,-72.39489192,-36.15176051,UChile
13408,2.5,2.5,2.5,2.5,NA,NA,60,-72.57349511,-36.09700988,UChile
13409,2.5,2.5,2.5,2.5,NA,NA,60,-72.38386333,-36.15547913,UChile
13410,2.5,2.5,2.5,2.5,NA,NA,60,-72.5052011,-36.09445227,UChile
13411,2.5,2.5,2.5,2.5,NA,NA,60,-72.29395092,-35.48264103,UChile
13412,2.5,2.5,2.5,2.5,NA,NA,60,-72.10407619,-35.52360292,UChile
13413,2.5,2.5,2.5,2.5,NA,NA,60,-72.2928166,-35.43297163,UChile
13414,2.5,2.5,2.5,2.5,NA,NA,60,-72.29453095,-35.47526251,UChile
13415,2.5,2.5,2.5,2.5,NA,NA,60,-72.30151393,-35.44991047,UChile
13416,2.5,2.5,2.5,2.5,NA,NA,40,-72.27219155,-35.44245474,UChile
13417,18.2,18.2,18.2,NA,NA,NA,20,-72.32118153,-35.44343165,UChile
13418,2.5,2.5,2.5,2.5,NA,NA,60,-72.06295333,-35.52411445,UChile
13419,2.5,2.5,2.5,2.5,NA,NA,60,-72.24607803,-35.49003173,UChile
13420,2.5,2.5,2.5,2.5,NA,NA,60,-72.22736403,-35.43732715,UChile
13421,2.5,2.5,2.5,2.5,NA,NA,40,-72.27380054,-35.46584206,UChile
13422,2.5,2.5,2.5,2.5,NA,NA,60,-72.30312136,-35.4399354,UChile
13423,2.5,2.5,2.5,2.5,NA,NA,60,-72.10818393,-35.59341432,UChile
13424,2.5,2.5,2.5,2.5,NA,NA,60,-72.14668385,-35.60842885,UChile
13425,2.5,2.5,2.5,2.5,NA,NA,60,-72.16556088,-35.60298629,UChile
13426,2.5,2.5,2.5,2.5,NA,NA,60,-72.21925712,-35.47953103,UChile
13427,2.5,2.5,2.5,2.5,NA,NA,60,-72.1590238,-35.57088564,UChile
13428,2.5,2.5,2.5,2.5,2.5,NA,80,-70.90522949,-35.12526306,UChile
13429,2.5,2.5,2.5,2.5,2.5,NA,100,-70.93139894,-35.11768487,UChile
13430,2.5,2.5,2.5,2.5,NA,NA,40,-70.91597691,-35.11609202,UChile
13431,2.5,2.5,2.5,2.5,2.5,NA,70,-70.91812566,-35.11427603,UChile
13432,2.5,2.5,2.5,2.5,2.5,2.5,114,-70.92690453,-35.11414254,UChile
13433,16.7,16.7,16.7,NA,NA,NA,20,-70.95133653,-34.21797012,UChile
13434,28.9,28.9,28.9,NA,NA,NA,20,-70.97358324,-34.21863019,UChile
13435,23.9,23.9,23.9,NA,NA,NA,20,-70.94371205,-34.22493759,UChile
13436,26.5,26.5,26.5,NA,NA,NA,20,-71.66263655,-34.17985832,UChile
13437,27.2,27.2,27.2,NA,NA,NA,20,-71.65505028,-34.19294498,UChile
13438,11.7,11.7,11.7,NA,NA,NA,20,-71.62997691,-34.24985036,UChile
13439,30.5,30.5,30.5,NA,NA,NA,20,-71.63189382,-34.24795841,UChile
13440,25.6,25.6,25.6,NA,NA,NA,20,-71.6619024,-34.17644764,UChile
13441,12.9,12.9,12.9,NA,NA,NA,20,-71.19621342,-34.70977398,UChile
13442,15.1,15.1,15.1,NA,NA,NA,20,-71.19896937,-34.71127311,UChile
13443,20,20,20,NA,NA,NA,20,-71.16143062,-34.62033075,UChile
13444,42.8,42.8,42.8,NA,NA,NA,20,-71.19621331,-34.66829793,UChile
13445,2.5,2.5,2.5,2.5,2.5,NA,90,-71.92218076,-34.6970972,UChile
13446,2.5,2.5,2.5,2.5,NA,NA,60,-71.77003642,-34.29123906,UChile
13447,2.5,2.5,2.5,2.5,NA,NA,60,-70.97674766,-34.71858363,UChile
13448,2.5,2.5,2.5,2.5,2.5,NA,70,-70.97637786,-34.56374689,UChile
13449,2.5,2.5,2.5,2.5,2.5,NA,90,-71.03406689,-34.79319487,UChile
13450,2.5,2.5,2.5,2.5,2.5,NA,70,-71.72030298,-34.360994,UChile
13451,2.5,2.5,2.5,2.5,2.5,NA,80,-71.77296438,-34.28336973,UChile
13452,2.5,2.5,2.5,2.5,NA,NA,60,-71.72538063,-34.35841365,UChile
13453,2.5,2.5,2.5,2.5,NA,NA,45,-70.99282222,-34.73379748,UChile
13454,2.5,2.5,2.5,2.5,NA,NA,60,-71.32426737,-34.64042825,UChile
13455,2.5,2.5,2.5,2.5,2.5,NA,85,-70.58171137,-32.74996915,UChile
13456,2.5,2.5,2.5,2.5,2.5,NA,80,-70.59799988,-32.73013922,UChile
13457,2.5,2.5,2.5,2.5,2.5,NA,90,-71.44345086,-32.34841074,UChile
13458,2.5,2.5,2.5,2.5,NA,NA,60,-71.35133633,-32.26872906,UChile
13459,2.5,2.5,2.5,2.5,2.5,NA,90,-71.38611098,-32.33039098,UChile
13460,2.5,2.5,2.5,NA,NA,NA,20,-70.81008587,-33.27844483,UChile
13462,16.82,16.82,NA,NA,NA,NA,10,-70.82605319,-33.5034058,UChile
13463,21.99,21.99,NA,NA,NA,NA,10,-70.82596348,-33.5037471,UChile
13464,24.8,24.8,NA,NA,NA,NA,10,-70.82638921,-33.50305546,UChile
13465,12.7,12.7,NA,NA,NA,NA,10,-70.82472265,-33.50555543,UChile
13466,22.4,22.4,NA,NA,NA,NA,10,-70.63694452,-33.57194416,UChile
13467,18.1,18.1,NA,NA,NA,NA,10,-70.63138901,-33.56972242,UChile
13468,27.5,27.5,NA,NA,NA,NA,10,-70.79361111,-33.14750007,UChile
13469,32.5,32.5,NA,NA,NA,NA,10,-70.79416654,-33.14861125,UChile
13470,40.5,40.5,NA,NA,NA,NA,10,-70.81555598,-33.27833347,UChile
13471,25.8,25.8,NA,NA,NA,NA,10,-70.81194458,-33.27861073,UChile
13472,2.5,2.5,2.5,2.5,2.5,NA,90,-70.51251074,-33.73734694,UChile
13473,2.5,2.5,2.5,2.5,2.5,NA,70,-70.51991151,-33.72904417,UChile
13474,2.5,2.5,2.5,2.5,2.5,NA,92,-70.52329996,-33.73176105,UChile
13475,2.5,2.5,2.5,2.5,2.5,NA,97,-71.40604674,-33.18008075,UChile
13476,2.5,2.5,2.5,2.5,2.5,NA,90,-71.40312246,-33.19024161,UChile
13477,2.5,2.5,2.5,2.5,2.5,NA,92,-71.45584454,-33.16652493,UChile
13478,2.5,2.5,2.5,2.5,2.5,NA,78,-71.44094701,-33.17206941,UChile
13479,2.5,2.5,NA,NA,NA,NA,10,-70.83333361,-33.46666683,UChile
13481,2.5,2.5,2.5,NA,NA,NA,20,-70.82917545,-33.50517502,UChile
13483,2.5,2.5,2.5,NA,NA,NA,20,-70.82539741,-33.50329192,UChile
13484,15.53,15.53,NA,NA,NA,NA,10,-70.32416619,-33.56694468,UChile
13485,17.2,17.2,NA,NA,NA,NA,10,-70.21666703,-33.49416698,UChile
13486,7.78,7.78,NA,NA,NA,NA,10,-70.12027729,-33.7033335,UChile
13487,6.67,6.67,NA,NA,NA,NA,10,-69.97944462,-33.61083301,UChile
13490,2.5,2.5,2.5,2.5,2.5,NA,90,-71.04350992,-32.41099338,UChile
13491,2.5,2.5,2.5,2.421992524412584,NA,NA,60,-71.04526295,-32.41303023,UChile
13492,2.5,2.5,2.5,2.5,2.5,NA,65,-70.85320904,-32.22700244,UChile
13493,2.5,2.5,2.5,2.5,2.5,2.5,120,-70.89717109,-32.23988803,UChile
13494,2.5,2.5,2.5,2.5,2.5,NA,70,-70.89661802,-32.24201588,UChile
13495,2.5,2.5,2.5,2.5,2.5,2.5,110,-70.89367395,-32.23793821,UChile
13496,2.5,2.5,2.5,2.5,2.5,2.5,200,-71.0834101,-32.32642053,UChile
13497,2.5,2.5,2.5,2.5,2.5,2.5,120,-71.16525506,-32.36922396,UChile
13499,15,15,15,NA,NA,NA,19,-72.29736313,-35.47501386,UChile
13501,13.2,13.2,NA,NA,NA,NA,10,-72.29911532,-35.46667504,UChile
13503,15.1,15.1,NA,NA,NA,NA,14,-72.2946637,-35.47878251,UChile
13504,12.9,12.9,NA,NA,NA,NA,8,-72.29298208,-35.47807146,UChile
13505,17.8,17.8,NA,NA,NA,NA,12,-72.28794985,-35.4770553,UChile
13506,18.9,18.9,NA,NA,NA,NA,14,-72.29659934,-35.47115065,UChile
13507,22,22,22,NA,NA,NA,20,-72.29022915,-35.47216276,UChile
13508,20.4,20.4,NA,NA,NA,NA,12,-72.29329322,-35.47408874,UChile
13509,10.1,10.1,10.1,NA,NA,NA,20,-72.29485817,-35.47545183,UChile
13510,14.8,14.8,14.8,14.8,NA,NA,33,-72.2970555,-35.4761127,UChile
13511,11.5,11.5,11.5,11.5,NA,NA,35,-72.30009024,-35.46923475,UChile
13512,9.8,9.8,9.8,NA,NA,NA,30,-72.29098322,-35.47039388,UChile
13514,19.7,19.7,19.7,NA,NA,NA,17,-72.29353842,-35.47631698,UChile
13516,14.8,14.8,NA,NA,NA,NA,6,-72.29936881,-35.47206619,UChile
13520,16,16,NA,NA,NA,NA,15,-72.28718981,-35.46867697,UChile
13521,15,15,NA,NA,NA,NA,9,-72.2925467,-35.47334313,UChile
13523,2.5,2.5,2.5,2.5,2.5,NA,100,-72.19353473,-36.01263195,UChile
13524,2.5,2.5,2.5,2.5,2.5,NA,80,-72.40665325,-35.84331344,UChile
13525,2.5,2.5,2.5,2.5,2.5,NA,62,-72.40604725,-35.84186724,UChile
13526,2.5,2.5,2.5,2.5,2.5,NA,75,-72.13717224,-36.01450439,UChile
13527,2.5,2.5,2.5,2.5,2.5,2.5,136,-70.28047991,-33.32131987,UChile
13528,2.5,2.5,2.5,2.5,2.5,2.5,139,-70.25492984,-33.27487984,UChile
13529,2.5,2.5,2.5,2.5,2.5,NA,95,-70.26597956,-33.30641031,UChile
13530,2.5,2.5,2.5,2.5,2.5,NA,89,-70.23884027,-33.2815801,UChile
13537,2.5,2.5,2.5,2.5,2.5,NA,100,-70.33295222,-33.39252125,UChile
13538,2.5,2.5,2.5,2.5,2.5,2.5,120,-70.33044144,-33.39285483,UChile
13539,2.5,2.5,2.5,2.5,2.5,NA,80,-70.32958326,-33.39015838,UChile
13540,2.5,2.5,2.5,2.5,2.5,NA,80,-70.33889268,-33.38657701,UChile
13541,2.5,2.5,2.5,2.5,2.5,2.5,300,-70.34227846,-33.38792933,UChile
13542,2.5,2.5,2.5,2.5,2.5,2.5,170,-70.35048017,-33.38923826,UChile
13543,2.5,2.5,2.5,2.5,2.5,2.5,132,-70.13680209,-33.66768694,UChile
13544,1.5825920107313278,1.5825920107313278,1.6257875308966978,2.466769496569861,2.5,2.5,150,-70.1368509,-33.66720742,UChile
13545,2.5,2.5,2.5,2.5,2.5,2.5,190,-70.14151212,-33.66125358,UChile
13546,2.5,2.5,2.5,2.5,2.5,2.5,157,-70.14051446,-33.65851308,UChile
13548,2.5,2.5,2.5,2.5,2.5,2.5,105,-70.96434344,-33.87439861,UChile
13549,2.5,2.5,2.5,2.5,2.5,NA,100,-70.95984366,-33.87428092,UChile
13550,2.5,2.5,2.5,2.5,NA,NA,45,-70.94848195,-33.8738029,UChile
13551,2.5,2.5,2.5,2.5,2.5,2.5,120,-70.92965501,-33.87256632,UChile
13552,2.5,2.5,2.5,2.5,NA,NA,50,-70.70416639,-28.61722252,UChile
13553,2.5,2.5,2.5,2.5,2.5,NA,90,-70.27472173,-28.92166627,UChile
13554,2.5,2.5,2.5,2.5,NA,NA,40,-70.00333296,-27.95250034,UChile
13555,2.5,2.5,2.5,2.5,NA,NA,50,-70.26388868,-27.547222090000002,UChile
13556,2.5,2.5,2.5,2.5,NA,NA,60,-70.11499979,-27.83138857,UChile
13558,2.5,2.5,2.5,2.5,2.5,NA,80,-70.58333315,-27.3166667,UChile
13559,2.5,2.5,2.5,2.5,1.681806536762166,NA,80,-70.56666623,-27.3333337,UChile
13560,2.5,2.5,2.5,2.5,NA,NA,60,-70.44999971,-27.30000029,UChile
13562,8.2,NA,NA,NA,NA,NA,3,-72.25779352,-35.14896091,UChile
13564,36.4,36.4,36.4,NA,NA,NA,20,-70.66166661,-33.14805545,UChile
13565,32.5,32.5,32.5,NA,NA,NA,20,-70.79388876,-33.14749968,UChile
13566,2.5,2.5,2.5,NA,NA,NA,20,-70.81222266,-33.27861119,UChile
13567,22,22,22,NA,NA,NA,20,-70.82556191,-33.50333369,UChile
13568,16.8,16.8,16.8,NA,NA,NA,20,-70.82555545,-33.50333378,UChile
13569,8.175483871,8.175483871,NA,NA,NA,NA,10,-69.70574416,-18.72767628,UChile
13570,9.177407127,9.177407127,NA,NA,NA,NA,10,-69.66933838,-18.72257724,UChile
13571,8.1255449,8.1255449,NA,NA,NA,NA,10,-69.6399534,-18.71244946,UChile
13572,10.26227303,10.26227303,NA,NA,NA,NA,10,-69.82359826,-18.46560062,UChile
13573,9.162931034,9.162931034,NA,NA,NA,NA,10,-69.83138604,-18.4701486,UChile
13574,26.02946732,26.02946732,NA,NA,NA,NA,10,-69.8570038,-18.47953277,UChile
13575,3.034090909,3.034090909,NA,NA,NA,NA,10,-69.3570538,-19.79925874,UChile
13576,4.065862981,4.065862981,NA,NA,NA,NA,10,-69.27167839,-19.76498764,UChile
13577,5.101434068,5.101434068,NA,NA,NA,NA,10,-69.20803515,-19.69653697,UChile
13604,2.5,2.5,2.5,0.3233122663882915,1.404607654778019,2.4107748102726765,190,-73.061287,-40.521744,WoSIS
13605,2.5,2.5,1.750452993918174,0.003334583035360228,0.11569229281627655,0,104,-73.011459,-41.265144,WoSIS
13606,2.5,2.5,1.899947064041571,0.20515314753864955,0.6719452802793502,0.8692417680066911,200,-72.300217,-40.740971,WoSIS
13607,0.1308895124893784,0.29719320618668393,0.4825237007907978,1.3660735468889504,0.046180720485246685,NA,65,-72.80158199,-39.465817,WoSIS
13620,2.5,2.5,2.5,2.5,2.5,2.5,275,-71.500084,-31.81286,WoSIS
13621,2.5,2.5,2.5,2.5,2.5,2.5,125,-71.3825,-30.674444,WoSIS
13622,2.5,2.5,2.5,2.5,2.5,2.0554695577035624,123,-71.259109,-30.233389,WoSIS
13623,2.5,2.5,2.5,2.5,2.5,2.5,117,-71.481529,-30.275723,WoSIS
13624,2.5,2.5,2.5,2.5,2.5,2.5,120,-71.529587,-31.572834,WoSIS
13625,2.5,2.5,2.5,2.480234841275742,2.0706988016853933,2.5,140,-70.834168,-33.496666,WoSIS
13626,2.5,2.5,2.5,2.5,2.5,2.5,150,-71.336525,-35.104084,WoSIS
13627,0.5100246396057664,0.5100246396057664,0.5100246396057664,0.5100246396057664,0.5472240444152895,2.078858650126005,160,-71.83139,-36.756111,WoSIS
13628,2.5,2.5,2.5,2.5,2.5,2.5,165,-72.091698,-36.930473,WoSIS
13629,2.5,2.5,2.5,2.5,2.5,2.5,185,-72.328392,-36.621834,WoSIS
13630,2.5,2.5,2.5,2.5,2.5,2.5,135,-71.314888,-35.611526,WoSIS
13631,2.5,2.5,2.5,2.5,2.5,2.5,170,-71.512222,-35.463612,WoSIS
13632,1.0043288152988923,0.6909875775835241,0.31689580984360016,0.031085580267976448,0,0.017317123510840787,217,-72.205643,-40.774448,WoSIS
13633,1.3142770316412693,1.2325505175298406,0.919927716934023,0.40995026243782956,0.7331435794974781,NA,74,-72.22792801,-40.781223,WoSIS
13640,2.5,2.5,2.5,2.5,2.5,2.5,133,-71.28054559,-32.22325908,UChile
13641,2.5,2.5,2.5,2.5,2.5,2.5,125,-71.05070502,-32.14589264,UChile
13642,2.5,2.5,2.5,2.5,2.5,2.5,115,-71.273033,-32.228237,UChile
13643,2.5,2.5,2.5,2.5,NA,NA,54,-70.34880724,-33.38949367,UChile
13644,2.5,2.5,2.5,2.5,2.5,2.5,145,-70.37441613,-33.40174896,UChile
13646,2.5,2.5,2.5,2.443896218704353,0.9517394470061243,2.4955701325178925,200,-71.50147872,-39.34115185,UChile
13647,3.943093923,3.943093923,3.943093923,NA,NA,NA,21,-71.5007962,-39.34218456,UChile
13648,2.5,2.5,2.5,2.5,2.340460331351722,2.5,201,-71.5007962,-39.34218456,UChile
13649,2.5,2.5,2.5,2.2803362917114702,1.5003470108323338,1.8100198170519726,200,-71.49998635,-39.34159836,UChile
13650,2.5,2.5,2.5,1.6125295752673956,2.484555906637781,2.490143739157652,200,-71.49784158,-39.34359942,UChile
13651,2.5,2.5,2.042859038770979,0.3784605316467535,2.0462500504569614,2.4823176525087014,215,-71.49748832,-39.34345385,UChile
13652,2.5,2.5,2.5,2.421350090119689,2.172557256944886,1.9773513544003694,200,-71.4980813,-39.3428375,UChile
13653,2.5,2.5,2.5,2.3405660456462374,2.2287460337170044,2.439218923924092,295,-71.49581572,-39.34633663,UChile
13654,2.5,2.466836656754686,0.9100851454486737,0.8463516776213732,2.5,2.422368105035161,140,-71.48011214,-39.35965469,UChile
13655,2.5,2.5,2.5,2.5,2.5,2.3430698112733794,140,-71.47944936,-39.35929044,UChile
13656,2.5,2.5,2.0666579437058243,0.9532290002423562,2.4650677483548677,1.4188306121046776,328,-71.48562556,-39.35575316,UChile
13657,2.5,2.5,2.4224656112326026,2.2508991349768297,2.1760514133886852,1.7478208409466545,200,-71.49704979,-39.34482364,UChile
13658,2.5,2.5,2.4738085160362986,2.411220737544083,1.7911152284925222,0.35323380584290925,160,-71.47686936,-39.38249885,UChile
13659,2.5,2.5,2.5,2.5,2.5,1.4234493340641672,170,-71.11032466,-35.37303667,UChile
13660,2.5,2.5,2.5,2.5,2.5,2.5,120,-71.04151732,-35.44308494,UChile
13661,1.139884394366889,1.5568507162518102,2.4439828510593977,2.3104572253938986,NA,NA,49,-70.90852089,-35.5014878,UChile
13662,0.3661922815977335,0.5519300766287291,1.2773153567575322,2.4133845374740064,2.5,2.5,140,-70.93480191,-35.50465695,UChile
13663,1.4308186425160114,2.424423044827637,2.5,2.187714724894305,0.9773751306123013,2.5,145,-70.96432868,-35.4889173,UChile
13664,2.5,2.5,2.5,2.5,2.5,2.5,150,-72.38627249,-35.87128927,UChile
13665,2.5,2.5,2.5,2.5,2.5,2.5,160,-72.40271075,-35.86775233,UChile
13666,2.5,2.5,2.5,2.5,2.5,2.5,220,-72.39110886,-35.91291091,UChile
13667,2.5,2.5,2.5,2.5,2.5,2.5,170,-72.40721997,-35.82254197,UChile
13668,2.5,2.5,2.3969533729031505,0.4647103881208854,2.4741443238108918,NA,90,-70.39583332,-23.10500012,UChile
13669,2.5,2.5,1.8365160339222775,1.7661480707354693,2.247458977343709,NA,90,-70.37388843,-23.11722267,UChile
13670,4,4,4,4,4,NA,90,-70.37611131,-23.12416658,UChile
13673,2.5,2.5,2.5,2.5,2.5,NA,80,-70.56873054,-27.33684167,UChile
13674,2.5,2.5,2.5,2.5,2.5,NA,80,-70.53897779,-27.31936671,UChile
13675,2.5,2.5,2.5,2.5,2.5,NA,80,-70.454,-27.29805,UChile
13680,2.5,2.5,2.4904408534410636,0.3107601771946841,NA,NA,40,-73.08333313,-38.98333365,UChile
13681,2.5,2.5,2.5,2.4669596578769304,NA,NA,40,-73.14999996,-38.99999977,UChile
13683,2.5,2.5,2.5,2.5,NA,NA,60,-70.72222204,-30.09027739,UChile
13684,2.5,2.5,2.5,2.5,NA,NA,60,-73.18861107,-40.66722216,UChile
13685,2.5,2.5,2.5,2.5,NA,NA,60,-72.35916616,-39.2691663,UChile
13692,7.8,7.8,NA,NA,NA,NA,15,-70.44651381,-25.01152745,CHLSOC
13693,6.2,6.2,NA,NA,NA,NA,15,-70.4320194,-24.99983039,CHLSOC
13694,6.8,6.8,NA,NA,NA,NA,15,-70.42503371,-25.00921931,CHLSOC
13695,1.8,1.8,NA,NA,NA,NA,15,-70.4046308,-25.00808343,CHLSOC
13696,4.7,4.7,NA,NA,NA,NA,15,-70.3927859,-25.01395286,CHLSOC
13697,5,5,NA,NA,NA,NA,15,-70.38890042,-25.02239464,CHLSOC
13698,2.1,2.1,NA,NA,NA,NA,15,-70.35853297,-25.01511676,CHLSOC
13699,4.8,4.8,NA,NA,NA,NA,15,-70.31320266,-24.98844985,CHLSOC
13700,14,14,NA,NA,NA,NA,15,-70.29854195,-25.02501651,CHLSOC
13701,19.7,19.7,NA,NA,NA,NA,15,-70.31286341,-24.95565286,CHLSOC
13702,5,5,NA,NA,NA,NA,15,-70.25511103,-25.04584176,CHLSOC
13703,4.3,4.3,NA,NA,NA,NA,15,-69.6949639,-19.84967467,CHLSOC
13704,3.7,3.7,NA,NA,NA,NA,15,-69.68908579,-19.78208376,CHLSOC
13705,9.8,9.8,NA,NA,NA,NA,15,-69.6488723,-19.73955037,CHLSOC
13706,8.7,8.7,NA,NA,NA,NA,15,-69.62622765,-19.69781069,CHLSOC
13707,14.6,14.6,NA,NA,NA,NA,15,-69.60896629,-19.66592747,CHLSOC
13708,3.2,3.2,NA,NA,NA,NA,15,-69.58180315,-19.64456982,CHLSOC
13709,14.6,14.6,NA,NA,NA,NA,15,-69.55761639,-19.62719199,CHLSOC
13710,5.4,5.4,NA,NA,NA,NA,15,-69.51027773,-19.59546954,CHLSOC
13711,4,4,NA,NA,NA,NA,15,-69.48360322,-19.57204454,CHLSOC
13712,3.8,3.8,NA,NA,NA,NA,15,-69.43323323,-19.5535248,CHLSOC
13713,10.9,10.9,NA,NA,NA,NA,15,-69.39855318,-19.55582235,CHLSOC
13714,5.8,5.8,NA,NA,NA,NA,15,-69.38126104,-19.52861676,CHLSOC
13715,7.9,7.9,NA,NA,NA,NA,15,-69.90784449,-19.42493329,CHLSOC
13716,6.1,6.1,NA,NA,NA,NA,15,-69.84091101,-19.3976861,CHLSOC
13717,3.3,3.3,NA,NA,NA,NA,15,-69.89311109,-19.3464164,CHLSOC
13718,10,10,NA,NA,NA,NA,15,-69.75468345,-18.8102191,CHLSOC
13719,8.2,8.2,NA,NA,NA,NA,15,-69.7500885,-18.80358891,CHLSOC
13720,9.2,9.2,NA,NA,NA,NA,15,-69.74465801,-18.80021355,CHLSOC
13721,8.5,8.5,NA,NA,NA,NA,15,-69.71411689,-18.79059426,CHLSOC
13722,7.5,7.5,NA,NA,NA,NA,15,-69.69735796,-18.78234684,CHLSOC
13723,9.7,9.7,NA,NA,NA,NA,15,-70.0279329,-24.11672476,CHLSOC
13725,2.5,2.5,2.5,2.5,2.5,NA,71,-72.753559,-47.27948696,Otros
13727,2.5,2.5,2.5,2.5,NA,NA,36,-69.93986016,-24.3817738,Otros
13728,2.5,2.5,2.5,2.5,2.5,NA,69,-69.93980019,-24.38166489,Otros
13729,2.5,2.5,2.5,2.5,2.5,NA,75,-69.93976044,-24.38148994,Otros
13730,2.5,2.5,2.5,2.5,2.5,NA,73,-69.93972327,-24.38139625,Otros
13731,2.5,2.5,2.4800370495301967,0.3222884240017821,2.5,2.5,137,-69.93963416,-24.38121347,Otros
13757,10.26447462,10.26447462,10.26447462,NA,NA,NA,20,-70.54872242,-26.10941696,UChile
13758,2.5,2.5,2.5,NA,NA,NA,30,-70.54913864,-26.11019429,UChile
13759,10.09561999,10.09561999,10.09561999,NA,NA,NA,30,-70.78897191,-26.95608367,UChile
13760,2.5,2.5,2.5,2.5,2.5,2.5,110,-70.49736115,-27.78986102,UChile
13761,2.5,2.5,2.5,2.5,2.4818343438641075,0.4450776423041999,120,-70.82486159,-28.86461071,UChile
13762,2.5,2.5,2.5,2.5,NA,NA,60,-70.16919434,-29.75291673,UChile
13763,2.5,2.5,2.5,2.5,2.5,0.5660692711589388,130,-71.10969448,-29.7521669,UChile
13764,2.5,2.5,2.5,2.5,2.5,2.5,160,-70.3278556,-33.41369799,UChile
13767,2.5,2.5,2.5,2.5,NA,NA,50,-73.65295448,-41.88341046,UChile
13768,2.5,2.5,2.5,2.5,NA,NA,50,-73.65125325,-42.26104888,UChile
13769,2.5,2.5,2.5,2.5,NA,NA,50,-73.89651648,-42.01114345,UChile
13770,2.5,2.5,2.5,2.5,NA,NA,50,-73.6529433,-41.88368514,UChile
13771,2.5,2.5,2.5,2.5,NA,NA,50,-73.65093586,-42.26151195,UChile
13772,2.5,2.5,2.5,2.5,NA,NA,50,-73.89605203,-42.01122633,UChile
13773,2.5,2.5,2.5,2.5,NA,NA,50,-73.65966731,-41.87479843,UChile
13774,2.5,2.5,2.5,2.5,NA,NA,50,-73.65422884,-42.26326879,UChile
13775,2.5,2.5,2.5,2.5,NA,NA,50,-73.81562697,-42.0581587,UChile
13776,2.5,2.5,2.5,2.5,NA,NA,50,-73.64590677,-41.87774311,UChile
13777,2.5,2.5,2.5,2.5,NA,NA,50,-73.69383904,-42.25004564,UChile
13778,2.5,2.5,2.5,2.5,NA,NA,50,-73.81607354,-42.0578338,UChile
13785,2.5,2.5,2.5,NA,NA,NA,20,-70.54903,-26.10939,Otros
13786,2.5,2.5,NA,NA,NA,NA,10,-70.5492,-26.11013,Otros
13787,2.5,2.5,NA,NA,NA,NA,10,-70.5492,-26.1102,Otros
13788,2.5,2.5,NA,NA,NA,NA,10,-70.54921,-26.11024,Otros
13789,2.5,2.5,2.5,2.5,NA,NA,40,-71.16557,-29.76114,Otros
13790,2.5,2.5,2.5,2.5,NA,NA,40,-71.16732,-29.75639,Otros
13791,2.5,2.5,2.5,2.5,NA,NA,60,-71.16637,-29.7574,Otros
13792,2.5,2.5,2.5,2.5,NA,NA,60,-71.16611,-29.7583,Otros
13793,2.5,2.5,2.5,2.5,2.5,2.5,140,-71.06428,-32.95716,Otros
13794,2.5,2.5,2.5,2.5,2.5,NA,80,-71.06372,-32.95581,Otros
13795,2.5,2.5,2.5,2.5,2.5,2.5,160,-71.06349,-32.95588,Otros
13796,2.5,2.5,2.5,2.5,2.5,2.448481323402657,360,-71.06373,-32.95609,Otros
13902,2.5,2.5,2.5,2.5,2.5,2.5,160,-73.01384,-37.80905,Otros
13903,2.5,2.5,2.5,2.5,2.5,2.5,200,-73.01268,-37.8072,Otros
13904,2.5,2.5,2.5,2.5,2.5,2.5,200,-73.01353,-37.80765,Otros
13905,2.5,2.5,2.5,2.5,2.5,2.5,120,-73.01344,-37.80841,Otros
13910,2.5,2.5,2.5,2.5,2.5,NA,62,-70.8213056,-32.0758056,UChile
13911,2.5,2.5,2.5,2.5,2.5,NA,75,-70.7059167,-32.225972,UChile
13912,6.611288605,6.611288605,6.611288605,6.611288605,6.611288605,NA,70,-72.644606,-42.933248,UChile
13913,6.622664016,6.622664016,6.622664016,6.622664016,6.622664016,NA,70,-71.958708,-43.117888,UChile
13914,10.7333106,10.7333106,10.7333106,10.7333106,10.7333106,NA,70,-72.048847,-43.332211,UChile
13915,4.783216783,4.783216783,4.783216783,4.783216783,4.783216783,NA,70,-71.98314,-43.275336,UChile
13916,4.441008772,4.441008772,4.441008772,4.441008772,4.441008772,NA,70,-71.941421,-43.606002,UChile
13917,7.454586273,7.454586273,7.454586273,7.454586273,7.454586273,NA,70,-71.883738,-43.596286,UChile
13918,4.948216224,4.948216224,4.948216224,4.948216224,4.948216224,NA,70,-72.113058,-43.589734,UChile
13919,14.73857833,14.73857833,14.73857833,14.73857833,14.73857833,NA,70,-72.164201,-43.658029,UChile
13920,4.426499084,4.426499084,4.426499084,4.426499084,4.426499084,NA,70,-72.450669,-42.866309,UChile
13921,4.41203172,4.41203172,4.41203172,4.41203172,4.41203172,NA,70,-72.401393,-42.848333,UChile
13927,2.5,2.5,2.5,2.5,2.5,2.5,205,-71.7867945,-39.4368421,UChile
13928,2.5,2.5,2.5,2.5,2.5,2.5,130,-71.5408544,-39.4092625,UChile
13929,2.5,2.5,2.5,2.5,2.5,2.5,210,-71.4067299,-39.327826,UChile
13930,2.5,2.5,2.5,2.5,2.5,2.5,205,-71.5629679,-39.281371300000004,UChile
13931,2.5,2.5,2.5,2.4401327731022753,2.2871864082547484,2.5,125,-71.4705021,-39.0239003,UChile
13932,2.5,2.5,2.5,2.5,2.5,2.5,210,-72.40443,-35.82021,UChile
13933,2.5,2.5,2.5,2.5,2.5,NA,70,-72.40233333,-35.82833333,UChile
13934,2.5,2.5,2.5,2.5,2.5,2.5,125,-72.40611111,-35.83555556,UChile
